-- phpMyAdmin SQL Dump
-- version 5.2.0
-- https://www.phpmyadmin.net/
--
-- Host: 127.0.0.1
-- Generation Time: Jun 10, 2025 at 09:23 AM
-- Server version: 10.4.27-MariaDB
-- PHP Version: 7.4.30

SET SQL_MODE = "NO_AUTO_VALUE_ON_ZERO";
START TRANSACTION;
SET time_zone = "+00:00";


/*!40101 SET @OLD_CHARACTER_SET_CLIENT=@@CHARACTER_SET_CLIENT */;
/*!40101 SET @OLD_CHARACTER_SET_RESULTS=@@CHARACTER_SET_RESULTS */;
/*!40101 SET @OLD_COLLATION_CONNECTION=@@COLLATION_CONNECTION */;
/*!40101 SET NAMES utf8mb4 */;

--
-- Database: `preloved_2`
--

-- --------------------------------------------------------

--
-- Table structure for table `detail_transaksi`
--

CREATE TABLE `detail_transaksi` (
  `id_detail_transaksi` int(5) NOT NULL,
  `id_transaksi` int(5) NOT NULL,
  `id_produk` int(5) NOT NULL,
  `harga` decimal(10,2) NOT NULL,
  `subtotal` decimal(10,2) NOT NULL
) ENGINE=InnoDB DEFAULT CHARSET=utf8mb4 COLLATE=utf8mb4_general_ci;

--
-- Dumping data for table `detail_transaksi`
--

INSERT INTO `detail_transaksi` (`id_detail_transaksi`, `id_transaksi`, `id_produk`, `harga`, `subtotal`) VALUES
(34, 29, 44, '250000.00', '250000.00'),
(35, 30, 45, '130000.00', '130000.00'),
(36, 31, 46, '175000.00', '175000.00'),
(37, 32, 47, '150000.00', '150000.00');

-- --------------------------------------------------------

--
-- Table structure for table `donasi`
--

CREATE TABLE `donasi` (
  `id_donasi` int(5) NOT NULL,
  `id_user` int(5) NOT NULL,
  `nama` varchar(50) NOT NULL,
  `no_telp` varchar(13) NOT NULL,
  `metode_donasi` enum('antar langsung','pickup') NOT NULL,
  `alamat` text NOT NULL,
  `foto` varchar(100) NOT NULL,
  `status_donasi` enum('Belum Diverifikasi','Terverifikasi') NOT NULL DEFAULT 'Belum Diverifikasi',
  `tgl_donasi` datetime NOT NULL DEFAULT current_timestamp()
) ENGINE=InnoDB DEFAULT CHARSET=utf8mb4 COLLATE=utf8mb4_general_ci;

--
-- Dumping data for table `donasi`
--

INSERT INTO `donasi` (`id_donasi`, `id_user`, `nama`, `no_telp`, `metode_donasi`, `alamat`, `foto`, `status_donasi`, `tgl_donasi`) VALUES
(1, 0, 'izzat', '', '', 'jjjj', '1747885960_artikel1.png', 'Belum Diverifikasi', '2025-05-22 10:52:40'),
(2, 0, 'admin', '1111', '', 'jjj', '1747886005_artikel1.png', 'Terverifikasi', '2025-05-22 10:53:25');

-- --------------------------------------------------------

--
-- Table structure for table `foto_produk`
--

CREATE TABLE `foto_produk` (
  `id_foto` int(5) NOT NULL,
  `id_pakaian` int(5) NOT NULL,
  `nama_file` varchar(50) NOT NULL,
  `path_foto` varchar(200) NOT NULL,
  `urutan` int(5) NOT NULL
) ENGINE=InnoDB DEFAULT CHARSET=utf8mb4 COLLATE=utf8mb4_general_ci;

--
-- Dumping data for table `foto_produk`
--

INSERT INTO `foto_produk` (`id_foto`, `id_pakaian`, `nama_file`, `path_foto`, `urutan`) VALUES
(38, 44, 'tshirt1.jfif', '../upload/tshirt1.jfif', 1),
(39, 45, 'tshirt1.jfif', '../upload/tshirt1.jfif', 1),
(40, 46, 'tshirt2.jfif', '../upload/tshirt2.jfif', 1),
(41, 47, 'crocsunisex.jpeg', '../upload/crocsunisex.jpeg', 1),
(42, 49, 'jamtanganwanita.jpeg', '../upload/jamtanganwanita.jpeg', 1),
(43, 50, 'sonycamera.jpeg', '../upload/sonycamera.jpeg', 1),
(44, 51, 'dres2.jpeg', '../upload/dres2.jpeg', 1),
(45, 52, 'cardigan1.jpeg', '../upload/cardigan1.jpeg', 1),
(46, 53, 'adidasbackpackwhite.jpeg', '../upload/adidasbackpackwhite.jpeg', 1),
(47, 54, 'hoodienavy.jpeg', '../upload/hoodienavy.jpeg', 1),
(48, 55, 'workjacket.jpeg', '../upload/workjacket.jpeg', 1),
(49, 56, 'widesweatpantswomen.jpeg', '../upload/widesweatpantswomen.jpeg', 1);

-- --------------------------------------------------------

--
-- Table structure for table `kategori_pakaian`
--

CREATE TABLE `kategori_pakaian` (
  `id_kategori` int(3) NOT NULL,
  `kategori` varchar(35) NOT NULL
) ENGINE=InnoDB DEFAULT CHARSET=utf8mb4 COLLATE=utf8mb4_general_ci;

--
-- Dumping data for table `kategori_pakaian`
--

INSERT INTO `kategori_pakaian` (`id_kategori`, `kategori`) VALUES
(1, 'Tops'),
(2, 'Bottoms'),
(3, 'Outerwear'),
(4, 'Dresses'),
(5, 'Accessories'),
(6, 'Footwear'),
(7, 'Bags & purses');

-- --------------------------------------------------------

--
-- Table structure for table `keranjang`
--

CREATE TABLE `keranjang` (
  `id_keranjang` int(5) NOT NULL,
  `id_user` int(5) NOT NULL
) ENGINE=InnoDB DEFAULT CHARSET=utf8mb4 COLLATE=utf8mb4_general_ci;

--
-- Dumping data for table `keranjang`
--

INSERT INTO `keranjang` (`id_keranjang`, `id_user`) VALUES
(1, 1),
(2, 3),
(3, 4);

-- --------------------------------------------------------

--
-- Table structure for table `keranjang_detail`
--

CREATE TABLE `keranjang_detail` (
  `id_keranjang` int(5) NOT NULL,
  `id_produk` int(5) NOT NULL
) ENGINE=InnoDB DEFAULT CHARSET=utf8mb4 COLLATE=utf8mb4_general_ci;

--
-- Dumping data for table `keranjang_detail`
--

INSERT INTO `keranjang_detail` (`id_keranjang`, `id_produk`) VALUES
(3, 52);

-- --------------------------------------------------------

--
-- Table structure for table `kondisi_pakaian`
--

CREATE TABLE `kondisi_pakaian` (
  `id_kondisi` int(3) NOT NULL,
  `kondisi` varchar(35) NOT NULL,
  `deskripsi` text NOT NULL
) ENGINE=InnoDB DEFAULT CHARSET=utf8mb4 COLLATE=utf8mb4_general_ci;

--
-- Dumping data for table `kondisi_pakaian`
--

INSERT INTO `kondisi_pakaian` (`id_kondisi`, `kondisi`, `deskripsi`) VALUES
(1, 'Baru dengan tag', 'Barang baru, belum pernah dipakai, dengan tag terpasang atau dalam kemasan asli.'),
(2, 'Baru tanpa tag', 'Barang baru, belum pernah dipakai, tanpa tag atau kemasan asli.'),
(3, 'Sangat Baik', 'Bekas pemakaian ringan, mungkin ada sedikit cacat tapi masih terlihat bagus, Sertakan foto dan deskripsi cacat jika ada.'),
(4, 'Baik', 'Bekas pemakaian medium, mungkin ada cacat dan tanda-tanda pemakaian, Sertakan foto dan deskripsi cacat jika ada.'),
(5, 'Memuaskan', 'Barang sering dipakai, ada cacat dan tanda-tanda pemakaian, Sertakan foto dan deskripsi cacat jika ada.');

-- --------------------------------------------------------

--
-- Table structure for table `likes`
--

CREATE TABLE `likes` (
  `id_likes` int(5) NOT NULL,
  `id_user` int(5) NOT NULL,
  `id_pakaian` int(5) NOT NULL,
  `waktu_likes` datetime NOT NULL DEFAULT current_timestamp()
) ENGINE=InnoDB DEFAULT CHARSET=utf8mb4 COLLATE=utf8mb4_general_ci;

--
-- Dumping data for table `likes`
--

INSERT INTO `likes` (`id_likes`, `id_user`, `id_pakaian`, `waktu_likes`) VALUES
(10, 5, 44, '2025-06-08 20:17:33'),
(30, 1, 46, '2025-06-09 20:32:51'),
(31, 4, 47, '2025-06-09 22:26:32');

-- --------------------------------------------------------

--
-- Table structure for table `like_pakaian`
--

CREATE TABLE `like_pakaian` (
  `id_like` int(5) NOT NULL,
  `id_user` int(5) NOT NULL,
  `id_produk` int(5) NOT NULL,
  `tgl_like` datetime NOT NULL DEFAULT current_timestamp()
) ENGINE=InnoDB DEFAULT CHARSET=utf8mb4 COLLATE=utf8mb4_general_ci;

-- --------------------------------------------------------

--
-- Table structure for table `pakaian`
--

CREATE TABLE `pakaian` (
  `id_pakaian` int(5) NOT NULL,
  `id_user` int(5) NOT NULL,
  `nama_pakaian` varchar(50) NOT NULL,
  `gender` enum('Pria','Wanita','Unisex') NOT NULL,
  `deskripsi` text NOT NULL,
  `harga` decimal(10,0) NOT NULL,
  `id_kategori` int(5) NOT NULL,
  `id_ukuran` int(5) NOT NULL,
  `id_kondisi` int(5) NOT NULL,
  `foto_pakaian` blob NOT NULL,
  `tgl_upload` datetime NOT NULL DEFAULT current_timestamp(),
  `status_ketersediaan` enum('Tersedia','dipesan','Terjual') NOT NULL DEFAULT 'Tersedia'
) ENGINE=InnoDB DEFAULT CHARSET=utf8mb4 COLLATE=utf8mb4_general_ci;

--
-- Dumping data for table `pakaian`
--

INSERT INTO `pakaian` (`id_pakaian`, `id_user`, `nama_pakaian`, `gender`, `deskripsi`, `harga`, `id_kategori`, `id_ukuran`, `id_kondisi`, `foto_pakaian`, `tgl_upload`, `status_ketersediaan`) VALUES
(44, 5, 'baju putih', 'Pria', 'warna putih', '250000', 1, 2, 3, '', '2025-06-08 18:15:34', 'Terjual'),
(45, 1, 'Tshirt putih', 'Pria', 'cotton 20s', '130000', 1, 2, 3, '', '2025-06-09 12:51:28', 'Terjual'),
(46, 1, 'tshirt putih 2', 'Pria', 'cotton 24s', '175000', 1, 3, 2, '', '2025-06-09 20:32:30', 'Terjual'),
(47, 1, 'crocs', 'Unisex', 'warna putih, ukuran 42', '150000', 6, 2, 3, '', '2025-06-09 22:08:27', 'Terjual'),
(49, 1, 'jam tangan casio', 'Wanita', 'warna gold', '300000', 5, 2, 3, '', '2025-06-09 22:11:21', 'Tersedia'),
(50, 1, 'camera sony', 'Unisex', 'tipe s, warna pink', '350000', 5, 2, 2, '', '2025-06-09 22:12:20', 'Tersedia'),
(51, 1, 'dress putih', 'Wanita', 'kondisi baik', '140000', 4, 3, 3, '', '2025-06-09 22:13:13', 'Tersedia'),
(52, 3, 'cardigan uniqlo wanita', 'Wanita', 'warna hijau telur asin', '80000', 3, 1, 3, '', '2025-06-09 22:15:18', 'Tersedia'),
(53, 3, 'backpack adidas', 'Unisex', 'ukuran 14L', '175000', 7, 3, 3, '', '2025-06-09 22:16:27', 'Tersedia'),
(54, 3, 'hoodie uniqlo', 'Unisex', 'warna nany', '150000', 3, 3, 4, '', '2025-06-09 22:17:26', 'Tersedia'),
(55, 3, 'work jacket', 'Pria', 'warna cokelat muda', '245000', 3, 4, 4, '', '2025-06-09 22:18:12', 'Tersedia'),
(56, 4, 'wide sweatpants', 'Wanita', 'uniqlo sweatpants', '150000', 2, 2, 3, '', '2025-06-09 22:26:02', 'Tersedia');

-- --------------------------------------------------------

--
-- Table structure for table `reviews`
--

CREATE TABLE `reviews` (
  `id_reviews` int(5) NOT NULL,
  `id_transaksi` int(5) NOT NULL,
  `id_penjual` int(5) NOT NULL,
  `id_pembeli` int(5) NOT NULL,
  `rating` int(5) NOT NULL,
  `ulasan` text NOT NULL,
  `tgl_review` timestamp NOT NULL DEFAULT current_timestamp()
) ENGINE=InnoDB DEFAULT CHARSET=utf8mb4 COLLATE=utf8mb4_general_ci;

--
-- Dumping data for table `reviews`
--

INSERT INTO `reviews` (`id_reviews`, `id_transaksi`, `id_penjual`, `id_pembeli`, `rating`, `ulasan`, `tgl_review`) VALUES
(2, 29, 5, 4, 5, 'respon cepat', '2025-06-08 15:56:38'),
(3, 32, 1, 4, 3, 'mantap dapat dipercaya', '2025-06-09 15:40:56');

-- --------------------------------------------------------

--
-- Table structure for table `transaksi`
--

CREATE TABLE `transaksi` (
  `id_transaksi` int(5) NOT NULL,
  `id_keranjang` int(5) NOT NULL,
  `id_user` int(5) NOT NULL,
  `kode_invoice` varchar(15) NOT NULL,
  `total_harga` decimal(10,2) NOT NULL,
  `status_transaksi` enum('menunggu','diproses','dikirim','selesai') NOT NULL DEFAULT 'menunggu',
  `metode_pembayaran` varchar(35) NOT NULL,
  `tgl_transaksi` datetime NOT NULL DEFAULT current_timestamp(),
  `id_midtrans` varchar(50) NOT NULL,
  `waktu_pembayaran` datetime DEFAULT current_timestamp()
) ENGINE=InnoDB DEFAULT CHARSET=utf8mb4 COLLATE=utf8mb4_general_ci;

--
-- Dumping data for table `transaksi`
--

INSERT INTO `transaksi` (`id_transaksi`, `id_keranjang`, `id_user`, `kode_invoice`, `total_harga`, `status_transaksi`, `metode_pembayaran`, `tgl_transaksi`, `id_midtrans`, `waktu_pembayaran`) VALUES
(29, 3, 4, 'INV1749397880', '250000.00', 'selesai', 'midtrans', '2025-06-08 22:51:20', '4b6475bf-e9b6-4351-914f-0b4f16ba6779', '2025-06-08 22:51:20'),
(30, 2, 3, 'INV1749448793', '130000.00', 'menunggu', 'midtrans', '2025-06-09 12:59:53', 'dcece5d3-5a95-4901-ade2-452c43b03fee', '2025-06-09 12:59:53'),
(31, 1, 1, 'INV1749476010', '175000.00', 'menunggu', 'midtrans', '2025-06-09 20:33:30', '1732a186-699e-4cea-83e3-6b04134bf525', '2025-06-09 20:33:30'),
(32, 3, 4, 'INV1749483329', '150000.00', 'selesai', 'midtrans', '2025-06-09 22:35:29', '8ba35a2f-0b33-447c-aa88-18286b549ea2', '2025-06-09 22:35:29');

-- --------------------------------------------------------

--
-- Table structure for table `ukuran_pakaian`
--

CREATE TABLE `ukuran_pakaian` (
  `id_ukuran` int(5) NOT NULL,
  `ukuran` varchar(50) NOT NULL,
  `tipe_ukuran` enum('pakaian','sepatu','celana','lain') NOT NULL
) ENGINE=InnoDB DEFAULT CHARSET=utf8mb4 COLLATE=utf8mb4_general_ci;

--
-- Dumping data for table `ukuran_pakaian`
--

INSERT INTO `ukuran_pakaian` (`id_ukuran`, `ukuran`, `tipe_ukuran`) VALUES
(1, 'S', 'pakaian'),
(2, 'M', 'pakaian'),
(3, 'L', 'pakaian'),
(4, 'XL', 'pakaian'),
(5, 'XXL', 'pakaian'),
(6, 'EU35 / US3 / UK2.5', 'sepatu'),
(7, 'EU35.5 / US3.5 / UK3', 'sepatu'),
(8, 'EU36 / US4 / UK3.5', 'sepatu'),
(9, 'EU36.5 / US4.5 / UK4', 'sepatu'),
(10, 'EU37 / US5 / UK4.5', 'sepatu'),
(11, 'EU38 / US5.5 / UK5', 'sepatu'),
(12, 'EU38.5 / US6 / UK5.5', 'sepatu'),
(13, 'EU39 / US6.5 / UK6', 'sepatu'),
(14, 'EU40 / US7 / UK6', 'sepatu'),
(15, 'EU40.5 / US7.5 / UK6.5', 'sepatu'),
(16, 'EU41 / US8 / UK7', 'sepatu'),
(17, 'EU42 / US8.5 / UK7.5', 'sepatu'),
(18, 'EU42.5 / US9 / UK8', 'sepatu'),
(19, 'EU43 / US9.5 / UK8.5', 'sepatu'),
(20, 'EU44 / US10 / UK9', 'sepatu'),
(21, 'EU44.5 / US10.5 / UK9.5', 'sepatu'),
(22, 'EU45 / US11 / UK10', 'sepatu'),
(23, '28', 'celana'),
(24, '29', 'celana'),
(25, '30', 'celana'),
(26, '31', 'celana'),
(27, '32', 'celana'),
(28, '33', 'celana'),
(29, '34', 'celana'),
(30, '35', 'celana'),
(31, '36', 'celana'),
(32, '37', 'celana'),
(33, '38', 'celana'),
(34, '39', 'celana'),
(35, '40', 'celana'),
(36, '41', 'celana'),
(37, '42', 'celana'),
(38, '43', 'celana'),
(39, '44', 'celana'),
(40, '45', 'celana'),
(41, '-', 'lain');

-- --------------------------------------------------------

--
-- Table structure for table `user`
--

CREATE TABLE `user` (
  `id_user` int(5) NOT NULL,
  `username` varchar(35) NOT NULL,
  `nama` varchar(35) NOT NULL,
  `email` varchar(35) NOT NULL,
  `password` varchar(11) NOT NULL,
  `alamat` text NOT NULL,
  `no_telp` varchar(13) NOT NULL,
  `ava` blob NOT NULL,
  `tgl_daftar` datetime NOT NULL DEFAULT current_timestamp()
) ENGINE=InnoDB DEFAULT CHARSET=utf8mb4 COLLATE=utf8mb4_general_ci;

--
-- Dumping data for table `user`
--

INSERT INTO `user` (`id_user`, `username`, `nama`, `email`, `password`, `alamat`, `no_telp`, `ava`, `tgl_daftar`) VALUES
(1, 'izzat', 'izzat nazhiefa', 'izzat@gmail.com', 'izzat123', 'mataram', '0895', '', '2025-05-06 11:50:22'),
(3, 'wahyu', 'wahyu hilal abroor', 'wahyu@gmail.com', '123', 'sembalun', '08945683211', '', '2025-05-31 19:21:37'),
(4, 'nufa', 'nufa dastana', 'nufa@gmail.com', 'nufa123', 'narmada', '0812345', '', '2025-06-08 18:04:54');
INSERT INTO `user` (`id_user`, `username`, `nama`, `email`, `password`, `alamat`, `no_telp`, `ava`, `tgl_daftar`) VALUES
(5, 'abdi', 'yusri abdi', 'abdi@gmail.com', 'abdi123', 'masbagik', '0895678', 0xffd8ffe000104a46494600010100000100010000ffdb008400060606060706070808070a0b0a0b0a0f0e0c0c0e0f1610111011101622151915151915221e241e1c1e241e362a26262a363e3432343e4c44444c5f5a5f7c7ca701060606060706070808070a0b0a0b0a0f0e0c0c0e0f1610111011101622151915151915221e241e1c1e241e362a26262a363e3432343e4c44444c5f5a5f7c7ca7ffc20011080500050003012200021101031101ffc400310000020301010000000000000000000000010200030405060101010101010100000000000000000000000102030405ffda000c03010002100310000002e89cec362d222472542fa8c7af2ee0c90953e706dcfa0820a94576a51bb4b6e3d17a58486aa4d923894f639f14e7dd8e5d1a79ba4e81ad4cb83b6c71e8ea72a1b2aa1abb9e65b7cbd89f31bbbf8bacb9b4f4f23f3fa5979fabce74b0b797ea75fcff006b87298b2c7284b22953042490920089053010110248404024840424061248092010824049242dd9cf0751f0ebab9a87881d09752d2ead7cab64ddb70b574b7f17769be8b5a39a3572ea857b73b45ba8cc11aed6748b2ad45d15565d8f3d334c54c166b658a419dc5669808208345240419c5d445d625b44081820d1585a34a463d15ad6f15a970caa6a5ccc63ed796ebd9d78ac48885b91c15e88e562f067a75519ba5c0dc992ee96a67b2f4d66460439340e25658bcfe918a8d3a0e4bede7c2d7d35979faf213a792dc35aaee112caba4f1c11dace64dd8ae8cf753977cfbfa7cb3f5f2f41333f9fdcf8aca56faee52a200ed591e2c18a41c290c10820088022420908242490904240482412090648492511210826bd1cd73a0f9ac8b20650c025975063a4dcad4bd9e879eb2ceee3a2db328e8619a40c9cea68c7d2e9975182aec68256299e2faf243aefc8d11ad4dcb9aadf402ccf7861849200884aad067d399a2f9169e2909908aca263dd5192faf40ccd0841af32f594eceff39db351b08ad205eb1442ac2d6c72b04cfb9db047481e4b1030297b162932c326a47264d5518f767ce67eee6e64bd1c3d9c861c57543e0ecf1e05d556760f1eeabf3ecd91e793a780aa142c88cb190c5f2885b5404920d160d160d148c520c20241030424909040c1090424908aca2c9224908412492a48424416daa46fb399a577352c3c2a8e205b2ca226ad7cd876f670ad2e534e74f6e24d66ea632caeaa52ccb7554b76608f652ebbfa1c47cdee2537cb94d95c5d035080062216ca482abd0b2cc7b458c069200480921551a6a87bb3680c234f33342257a2a87a1d9c2eb16ad2469635566c90152595dfbeadc96733759a6b2c056cb4e713c9b12dcab787a29342f2e1329a4eaeaf3fda29db3872ebcf8fa86df37e8fcf4a14448c00d6560e95bcabcbf9bdab8f2f3bbce324815a2486820d01242c2420109040068907890788468b03040890920249088ca492123c442628924432515682c3164903a72993a2fcdd06d9595721d2392036d23a82aca80b28ae825d9fad654dd2c56726bd14412d75a3662eac9cdd9bb972edae9d38d0169ace74c297761588056e0c36d99a349aada8cb02a41200108312e5552e64b375a8d0c949d4f59dad533d95dc31028d07a3a94a6aa759b8329cbe9f2baf1555ad69b35c0e4d9b152f74b142435938ddde54644b1012927a2b3cff006ce364f4dc195f324881ea0952ac50a5d652e68342d6dccd05ccef1853750b446110883356468a46590915c955f50b2e2661a819e680679a0144b64552d2532e3544be14d8459df4e13ef96dc2473eab0c941524925b0104848a5e22b005dab069341c961a9f3c341cd0d2b4297d145058e3a03df5d15d5e76de72579f45069b29b83b315a76651aa5e15f7f2a3b01a674b0c149810102200e6d15c51a33d8380b4431299a5a335b6c169d00cfa32bd68d19b5a122680448a6dccc5a57abbc874ab52dae3855c9c3e8d4b1b6c92ab840d21262d80521443703859bd1714c461075b9fa4ede2aec3859fd4f065c485a20ba9564106d98fae948d085a74a1832757986730295678a2be831cb9be84a088aca0058018a30cca0b56b23852314234040b6d43142208059202c48686cd7c22ba02461639a46325708e2291649212dadc28ea16aa17ad50751096af4caeda2d48f45c6ec9b6573b26ec43bdca6ad0bbcca9af811a68cf5af7ade2f4b3740a965b96b832342b96b154b561188a860008430c88410180aa8d5455dbfcff72cb241469b7309a07475198d7acf3772d810aa5b1495737adc88ec20b6a4904aac42d55b0cf7b4284bd46e3dee71b7ddd244f3de8f8d2f3e445e9753cded33e2f5380e28732d3190b3bdc3eca2dd99ce850f49cfcfaf215a38596d7d2896df52e4d38f5266a7b386b8c3d0529c21b72caa441a081808648192059188aea07ad81510096110b92b7682c322020121a8a42cb11a155d6c12421048640465082c5779e903374b3598b563236cc1a8e8ad37992eafa915e1d3cc3adaf8e4d1cb340e05a6ecda1aac3cfe86355df9ee96d4641882152204228c2080804821a548681996b4ad56166d46b0855a74cab73d5d3cae9ea385944102880b655609cfe8e22fd18f60644168bdca787d5c47585bc93ab2642f72004632ee6ae42817d12b0505be87ccde76783e96a3cda6ba259d3a37a6156ab2d37e0dda4c1b7199e581675b9dde846065e2db52d9d1aaf556598a2cd5cea759e8f336f497caafa9e79c73b288ae08164209080c7125f6989f652246a8758810543018809202280908e8d2947aec9242420758404b09aacdb5554487467d862c9dbe6254198b37f27a42e8c17c6de4743990e820b5bad4d597697de16b473f56a8c53268c6b5caae559006448795a1a06462fa96ba69759194ec52a77950885acc75129bf058725f56b17f7395d7aa6c8ea12dac15d8025185af15c2ecc5acd155b052546cb65a44b691f3b708efcc1d01387dce008a18ad5eb9625b58b22c68ee79c6af4bc7d1d0395a56d39d5efcd85365634d19dd4ac955d7d8e3e9cd14d32abaefcc9a75736d3a39a8328acad8d7e7d957275a8978b66ce7a742bcf7546e66e2c1d05b32d14d117555aca54c0080924218004340261148a172de651216537570a0ca8410d8ec57aa39b7153555d62989af9daac959d655af493889b3193564ecc61cbb30c4900164a6e8e1eb56ee27738c2f4b8fd38a7996e797a97f2f4e6e95962a4bc4542e2546c2579b754557e4bcb623d49200ab1a641a98a9a766b15b750d8f6e77b6f8006a90acc20395c9cebf247436f3f71715346ab507cd629a6a750737a70434dc64e576b8250492a0cb2cacc02c1105a81d19d2bd0d5c7d0779b8f707277b9a73e5f4c10cb28b69b16a60494e8cb658d4581746965765e99fab9ee3a5935e5969e7f4b0535cbb4f34e8e9d7cd663b29904a56424801000b42450426188085108b2c7452a840f01841254277d66b2da22eca0a47536dc2c781a336ab28e9e1d86d94298731a89a8523e793221900c9750e9e1e8d5fccaea06b6e89c1aec4cabdd85d7b8f8f6e750190088192104864376634bd17062ad5868ace8d1a72eb383a5cbe9ef3d330551a29b4068b465b50a51d8e37670ec8cfc9ea734d3d1e5f40d925756b64d220724a4c1c258232b038ddacc701b667325f7648ae9d152816d30040368a948b01a2560dbb38dae9ebae45b29b2536d572d0e8c5d8b5e5b2b32468e955d5978f768aacbad445d99ee48c5cfd592b47430ea3cf3c29a2ad34552965706401120b240900701886488085040b2f56529040eae4a99f40ce2b2baa41d6026cc9a8df55107d799acd3a39bd329acd26173d020e8e43844ac58a6b89756d6f47551d7b3cf595ee39bdce56d3060d592006b01d8c025eb4071a92421503404145ea67b2011adb4ce6e95a30ebab78c9d3e2efd4eb2c34031209496b64d41adf00a2b79065dd91669cba4e98acd3bd7596d920a190305453ae416bb9570d89549a79bbe93914d95ac47102ad1510072b3202c6a80cba0715b01afa57751b34cbc5710d3835e5b2b86474ba1c6db2df505368345594eacb59f274f951b4b5f1c0b2ab6cd945d9aab4b2b82448808a52a40e2048620922491402b65cf41240e3d27514b2b81746600602c24721c735ea2dd753599976730d39f4e40eec1b8eae798cc79acaa080159ebb4d9d5e1f7acc553da68c3ab9e5197a9cc8af76343bfcc7a6de96ae3f639d50e254964148200ea5346ba0b2dc7a69c105a6b3d31cdb96eb9df6e4a97a911a8e5d75146cc1a22cc3a499d74d6625baa17625aafa30ef450e69c4ad6c1208ea5211035be134604be2b7a94e6d3a685aa15801d0b2a7ac3012caefa490423852fddcf53ab33746ade76a19b8735b9867a89d4eb79add2ef19b49a71dd5d6dcd10ab95d9e21d0b52a8e6595dba9af369cf14a9048642992ab209086232c2190808242e552d421b2a0dcb50c521bb32383451b4a72f43212eabae73a189b2eafa55cac7d8e497be7e81c9d5a32d74f97ab3c624b2a800156db93a463e9f1fab61b03a64d596d31647495559853156cecf1ba12f40098a4820800d1492bb16b35c80d3158a7a1cbeef4c79ed39b6d96f3fb3c34ec68c5aed7073ae643cccb4512d299782a17410904b6a85ed949adf9ac6f6e631d26e583ac7900eaa7321b35f201d77e2c1e884a8d916aaef0661a814b590ca741331bd12936054b51905b4b9d5d3c2d15af36ea63949ab3289244b2b85ba704ae8767cb347a1e2356bd4a6ba8a625b65f53570a8f58ce8d0b04a5900cca48401a2da2d9a147a16b2db3328d16c0068300e4aeea49d3e75c3a48318c56582757a9cf14dcbdd8cb6fa5cd12e2701b66731d6e92ab212de865d3663b65674efe4744d1c8edf28c297d315b2d8a6ad9495e8a1a3b7665d18d10a455b20aca46016823d63df8f5997b7c2ea74c613a39767a0e56fa4afa1c8ea8bced38d72d0eb9ab65f65679ad4cabad0ccbb8a738ed92e17d82b24d80c66f4845bc08c6b1a1832d70b1aa05c3339a9b9b69ba6126d9801bc61074a60868bb9e0e80c04dc31436d79a56c98c9a867868a4102d96190eb8644ea13923b0a720f5c9c79d4b8e23f590e50eb29c89d511ca1d3539c77a1866a5286b209a05c59a70ad002405be8229221208c0174a616caaf345d82d2dc9a90ae6fc54f3339d1d993725788da3e4d2c579efce9d2e6eae6cb5290a1a31aacab4d94537d4576053a74e4a874b6e31bbe8966595820074b673b673d6815919658522f251341aa4d80a98e784d596ee98d9c4edf075376ee1f587d34ea3974e8e6ca9a28d0acc1ec456a8b1554b6ab2406562182d630c190512921d6c41e2b0a1a82c345c357145b410c0a32b92836002da445b0950b008ccc6537b190e9630ce843973a6c7213ace71c742f38ebdace73a7521ca6db0c2da6148b40cf4d46d34e63a2fcc0754f21ced4e103bc782c76978e4ee64c2e5d23952ea739e3a30e6a7721c31dc071275ec389baeb0e72f454c675b1a795a0180ed04d59a25b6e7d0055a4d46ecc73eb658acc8ae5eb2ce8727a161d54a1801512d90d3b70ea0e26cf957035a6b711d5d9877e740830601460211210150d56ac61b52debcfa3c4e8e4ac3d1e76bae8edcba639bcee972a59ab2eb19835471d43875fb391e407b02782bbdae53cc3e9e49d039b52d5634a531840ea314b2116d155869115d2885cb1a86306c389cda6bb804c2a96a95c40192174a8970ad8b0e3d05843d5725a2c60139ae222da5910160a9c4b013358ec555690677668acb252d7a4c641a618d3a48604eba9c69d2d47097b6e7007549ca9d9a4e74df69cc7d159469285a73a1b9f9a875db8ae761b840f407cf94ee1e231dcaf90c74662635ad2a688ac41605a4bdc9435ac73abea039abd2066a3703967a465e4b7552b96fbcc2f4b05f9ba65262d022b4103211432922c8c7b71f47b73187bdc1316accf5d5d7c8eac62e57579d2cd39360c0594bdbe17763799545b38517bb391d22ce1f7553c65af9add4c0d181810c16bb6b82f0d574e9108a331a3274fb3670fa3db31c4cde9047893ec7ce5b45b9340d55b5094ea42bd9d3eb27964f590f273d5aaf959ea10f3b676f8a56d9b4d356e0116b2f99ea8d879a4de2ab468a94ce5060b06000c2ca824800885aaa46ac908b2b25c8066aec42102daf484bd69258698685a4aca9e22340456b173e7dcd19d75939e9d329c49da87273762e384ddb53887b1178a7a91398dbd8e7d97d60b3315d47350740e0537dbc974ea8e513b0bc82bd65e65a6ed791737a015736d98e468ae97247631e9c5a3ae3d0f2b661b39ce90b3a3c8e954e7f4f999b659934db658ac55dfe07a093766d39e3c8e6d08afd1e7dd5ebce3d9272fcc7b3f1b6df607ab2082bad26858212f46a466ae3174f97dcb37f401ca2f3fcbcbed2ef17d43bead0f254f7fcc69b2ea6ca472c7677e2db9495f163bd38cf5d63cbb23a1c6d5ccae6ebaafd264be90669a632757bfa63869df278ecfee392722cc1b29a3d74ea6a834dba45b3b3ae38557a20794abd4f0eb13556d3147216a8619b600cca96bd37280e500a6f0070225a4a8342b7cf60cae408ea4049596421ad82d2b2c2906890b0564b6520d34952cb7312fa948e6a90e6b2594b2d5f8ed315e7d6c73fa55584bf3ecc692d2d2c8644209c57acf4c75b9d7d7a95d77652fd9ced95b797d4e666aecc1d118116a77f81df936e7d19a3ca95b6d5b11d3bdd0e7f4229f1bec7c72e8b2bb34aad641a9d063346b2a120896242f6393da4e902337c8613b74a9ed43bfd1e17722bf15edfc516dd9f4696484ed6ecbaf2cde3bd77972a17b5634d8cb8b559725900aaf25e82faee477f21272a3a87c6dd5eb465d71c4e07b7f1f57bd16d14b0947a7c1d78927365e94f2fa8eea964f279fd2f95d35d9568a06a231740e6b544b5485ab890aa8e81cb0c8ae34e893cf4babab5d202d2e562c82517642a71610bc02d8e50361301dd59916d4240c191859642a16d4181c0ad042b09934e48e96cc1d0ae7eaa1f1adaf5598a408315270afcb7f4c5bd4e5744c7ceeaf3b52cb6ad26ee66fe74b66ac3bea2db619bbfe7fd146acda72c791bc59686b34a75b50319fc9fa4e15a5835217504807aee118f5259512ca87ed713b927411eacdf19757768e0930eab1629a761a96d62ac861ded79f4618bcffa4aebcdb7aaacf32ddae4d232b0095a16d6f1dcd9cae966d3e2fb9c4acbd0d02cd1e9bcd77e5bbcf7a2e3279dddcbdf5a1eb87a2d20e6e4f23ddf3f4976fcf6757bbe53d5e68f1becfc9d9469aecd2ab1940630ac8e9015535d7a456521018aadaec3d332b61c2e2f7bceea6c81a99d229be9d91d6af6093c61b534318165a3a118afee18e365f470f1b5facf37a627240c6d2cb17d2c79ce7fb7f3073596fa974d91973face71e5ec671758beb0d956de7a4bd0e6b88a3b2438ed5d3d71b35e6787c56a557a29bece9f2fb9c395f5e5d2b6482cabd1f9cf491a2bb665cccfdb95ceded2203c5b68e786a64ba516524aae41e2b45658890d74fdde17764df45e99be46bf5b6d7887f678ebcebbe236caad25945f4cb1a3d05d4dd9490299ceb4d95d90f359fd3795d4b62db54ae8ae310d016c17da94adb9eaef45e6fd266e8e37638b279fd59f4697a35abe9a49979bc1b326a6842c60ece1cd1dbe0e8d554694354db877831edac66adc345c4cda0c00652556d61b2ab8f43767d1872789def39a9a1a0b595947e9f33b51d0aecc92797ba8bf416576aefed57661266f3567ae3e37b8bd6c9ac478a4ea72372ed1974977a8f2dea73679cf47e6938db32ead2feaf1bb32f5e8be8ccf15168d367439bbeb27479fd0e7aa58e5c6b61a5ec6400cbcced72bae755bcedd095e9cd64db87759e83cbfa3f39356ebe7f42c647a89e8fcdfa58d0adcfcdd6de36aaf72de3fd11b716e58f1376be6e9b1eab28ad80ae0716c4781242b6a9e9fbdc2ef46c9266c95f38ea8e5f491b83df43c88bb3e97b805d2ba4eaedf2d54bebbcee1d657ac586fed796f4a59e7fd072d38d6e6d3a1860a1a92c53596534e887f558b6e6cf3be8bc6526bcf7d93425abe8e49979acdddbabcd1f4f9d38356fc55b151aaad010cfa1892bb50564715d5c5873972590a6d20475877b660df873bcefa6f33a9631aadb0005de8b81e9f29caeaf9f4e768a2fd55d193a51dd0572f3589a6e5b5d925f4f6e3d99723cf7a2f35a9669a2dad3ea3ccfa6cd1e5bd4f994e6b81a6aecf1fb12f57369c9278dcdb055fae8beb36bcdab9e85574c6b2d95b586c905e0f7f81d70345257a5875d089bb9da6ceef0fb1c697468aaca78415fa7f35e962ec3bb9d2f957a765557b2a7ae6cfa33793e63d7792adcf55da39aac0ab563a4681212b0e83fa1f3de84d40e7cbcef36faea7531ad7b2397565c3e1fa7f31a69b6a71c18562c515e9bcaafaec277f81e825d1cfe873a4e068cda7661086b790b751d9345e666c050e6797d729e9dcb626acbad7d149329267344c1b43c3ee83c83c4d4d461a99c5e016a012d02c6824aae1595cac070300767a3c7ec6197c97b0f23a69aed7ac5765d11d1f43c6ece43cb7a8f1f635d5d9aa3a1cce9c76d5932f1ad4cdcd9005d9d1e048bf06bae91e5a68f4be73d1e43c97adf209cf05eba1dae17757a78f66193ca54cb5a74d3a2b2eec3b79699ab69aa29d3992e7844e4f57074cd59efa69de9b92ad39f459d8e47638f2e8d19efb59e04a3d5795f5516f37a5cb97cbeccbae9a4b2cf457d3762e2f29eafcbd5f6e7bf479095a3d6397403068557ac7f47e6fd297e4d78f37cc157d465b09dfdb9f4658fca7aaf2956dd96fabe4a8b054e382a4b12c2af4fe7bd14b6737a5cc8e0dd4dbb96b556449109a29ccbe874f92bf2f59326b38dc7f5de3ab5422c7be8d6bdc9265cff003972d67d95ad7af6e5f532e4707d5792ae9149a956a4b055b0095dc4a8590895922b9230221ab49afb5c1ef614f8bf6de274e87a0f3bea63c8b595d777a5975654f8ef51e5b535588d6ce8f2fb51d4aeca72f1ba3369dca358215342d8a40b7d571a7d1707bd90f27eb3cf2734ea6b68eef17b91bf9fd0e6a798b2abb4b6ea2e326ec1d0e5a8e9268e5d2889667b8a9f3ece99e226ba6ccfd7e5f64e5f479f7d9d6e2f6b8b2eabe9bed791113d4798f511672babcfcdf35aed5d2681d94be15cde6f0b6e1d2db2bb6a1524050642078b08a607d2f98f471ab1eccd9be336f3b66a6b55babd05f55b8b8bcc7a1f3b6597d1a6b3b6873ab76899be6f27538fa975a8c37a4f31ea256e5757951c4b01d36611566ea6c166b3b116b230b96ef47e73d1e53c97adf2c2a87d47ddcfe94bd890478e5874bcb21dbe8e0df967f1debfc8d6ad58b6d8c0e7ab8a80d41cb2976315f612b91ca2688516239abbfe7bd0e43ca7abe3193d2e7d11e632fa4a2ba6648e379cec71b53a55bb5a7adc7ed65d1a2fcb1e46fcba372d0c55085082123ade6dee717b58b2484922c921399d3e55cf9bbd134d36d6c66dd8f772da9125695aa54f52c1dd468eb9a791ea7ca589d5e55b2eba4359d7e27678a6cd58f55ae63267f51e67bd1b6019ad16534510dcaafcd55ba71f42ac61283caa2caad959e5e046ad4b1ebb0a7bdc8eac7526739bc4e57b4c9679bebefd8492a9791c5d19753438734a843d2be0df9b8783eb390726c5d5a2fa3a2fca713b5e70a69d79f5031d26b9d799be27a0336a5ab666357a8f3fe8259e53d579381628d1fa183a31d806478abeabf47209dcd9975658fc97aaf2f5d0a96bb34b5a95605a634e6bd40d5b534aed112c0412153125be8fccfa6ca4925924249080a2793ae85d3a4316da1dee177b2db8f6603cadd46dd1033159741200965d45c74bb5c7ec62af9af49e2ace9bf25adebf5bcc7a78b39bd3e527015eaadf62b564d38afe5b7296ca8b794c437d71bd74af5ce9f3be8b16a7966865b1ad89b78ddae42eebaad15469904aaea609c66363e1ace96130c636de4b94d18b29a458604d45baa4adf4ec32beaa7369d34581b7139d4b31689744c990e9f99cb82addb9f4d8f656e414585fe8fc96c97d24aad8924241c62fe662d1a5b5164366665f4b6f2bab961f33ed331e4b5f5aeaafa7240f13e93cc574630a5bf183d84cbab2e372fd6e2ae2ddd2d8318b1c7e3be9acf73d9648d58f96f354bd6c258ca599ae52b7662a7aec129bab17d6f98f4995b208a71e3e3d7b788f2ccbab969e637e1d9b5e8e05ef70bd065a79dd1e59e67565d7a0beab415f65e3cda5b86ce9598f59d7eb727ad8b5786f73e1f506aa09bbd2f99f4f2ddc4edf05386b71ad2ca6b36ec9b796e02204208a455ebc6b779f4ed56cb3c82f4b964e957b235796f77e1d7668a2ed0d1a2a24644b2ab965005a213280730ab62955a1a928d7541647a35bd474f484cb2e5af6cbd0c436a268e674aabe2763ce4b42f41ace6f41afa811c30c152ea9516d253ab3a47469c7042d7d02f4a68ad341451a712ecf41e56ecbd7ce1f50d1154b28c3e74374d7a623ad8a33efc25de9fc6bc7b49c5e8c6994e637707363a3d2aeca26bb10044ab8405565622fc36525f74046ad6ac0c0c77ab457e9bcff0076360291e5abcba74f57761dd9b387dcf2f6737764d9a3d37129f4be5fd265b399d3aa3c4de8da9aadaba0bdb9065e571db3729d945cbd8eaf2fa9853e2fd9f8ad4bb4e2db47d3f98f519b679feff9e4e435534e8124a35576f2d0650a6024921c8474d67d2f4793d5d4a383e9f871475791dc2ef19ebfc92ead35dba314835372040621cf60f15478d596253712c405b433453689559923b9992c8cef7b4a92728d1b72df0395d4e454b12fd420119ab85d15c014ae4b63168654470eb9ed74467aec0c0a3d249457bc2f2eae9e68c8bd07ac3becbcab42b05480e75b4a737401c85ed608c6fbf296696b280b0155c00d15d14c8535e8aca6d6a47965954b381495169b682eec79bec66f77168e227076415ddeb717b59a3c8faacd6799d1d4b6b16f50576ea78ba23cb8b9bdf89c6eb3c273f5794acce9469ab451a4ed74f9bd2c28f1bec3c6ea5ba32eaa3eafcb7aacd9e73d1f9a4e2b495d389d9398d653cf44ab292b0642a7251aad67d1f53cf773535f2fa749e7bd0707d3467f31eafcd2bd95b6a30015a564aefae16050586905cc8c110c18b07cba6b15cb152bd65dd4e36b87a3a96675c43be983654e57c82fa8d73a6a3c655cfa15c56561c4867b2ca52eacb0b16c16abc01d416910478c06a9ca34a384e5d245cfa80af58e63aae7d55145eb68b189cf4e8d258cea66bc399af4880b5635902c450964242b147aad5a99b528b5db0c397ab9a295dd58644a6795c3fa4f33d897a72aad1287cc5f563d31d0b397aab7d9e618f49cff003f0b69275123b0ed515e9767ca4cbabe6f5a5934557d4f51e53366fb5f24b8acadecda5bd7e27a15e4d36578a4aacae2942d14a98e86ab53abddf35e86cea355759c7ee60e84bc7e07a0f2e3edc1d1b11e0a8a4ac86b0bd6c31a496ccf61635154680217a2ed4c56e8c4ae12a2f39e1d0d9e66dcebd2d3c8cd1d4e5d7a2c4d996cd340aad4b13a4ebcbb35a989fa69181992c28f0a9e1297902ca45657051a602ca6c159a1469cba96977a0d10a04584cf9b6738d9a29b8956850430ae544b82815a872e22b2c462522f82c31032d61e77441976d378554d2819cb407115d06430955849dce1f7636e4db8a132d8f2b67d16189ea5b39f55d4ea5933eb54c9b1d0a3aab2125ad99865b6257600b5a5d61806c12661aaeacda972c5b5e7b79e94dd62e59adccafa21e6c2cd4d5ea7c7fafb36e9c9aec4d153cbc7f35d5c45b6336a562c555860b0801908ae040ea9a19b54bca16534dbf9dd04e8ab34b9f9be901c6d1d1879fa7d2b1c6a7d0c97ce37a2879bc7ebb2d79fedaf492c656cd8642490c9c2edf1a8ac36028457402d57506934c2fa082e15396bd161628a9753e1d660dc54beb0412c52c801934e3da225a82aa3823a8cb611594908039c7bcae8d5c936ca3a0285b516b18eb6aca0b706c430eb341a4302a7208ad01d7e4db9776bcb31729db5d22ea6aaf9af96c0f0e9597242402bb94a2f171240494d8577a4296aed475aeb34d3af11b335d9a51a7269e7abe42092120879820ea59e97ccf62cf41ab0ebb2e2825e060da6959e554b620b2e512172b5d154549a54436b5666b5a2897907a1e2f760c2d0a514ba02b2484814795f1cee4f2aa7ac1cecc76a79e63d02f1309decfc215d3cd990bdb32d6a5cd616d74c2e9442c6a625b2b85c6871ada54d8d415bdf3a9a68b2c2258a65dca478aa5943c08ae16030644b07aac416ca89a2482da09468002a6133dc0536033588f6555be72c8b068ac0aedce5d0a8455a206bcd5e6edb39cd974f267ab6d79e35813b5cca05a10ca8bd1e0f9db9a9d0b7cfdf2f6aa9295958a4d4c9751a14333e81f2743066d768a31adf765d2004124879720ea36fc1a2bd768e76bb37d77e78f3faf0dd40dbd830e6f45823900ca0c214bb904884b0108141a080195c2e389d6d94a4767a9e4bb475568c51d05e25274f80529e003a158309a5260010217ac64802ad0aec109188818549004ac1aca98baca591ecc9a96ad54dc3000b8a92b38b70e2428af554588e846aad1ab2a312471182514a36e683db4dc2b65bc735b95c6e99c6cbd4a13207ec9e676494ab7400a98b1e02b6b018051ae2d37dc07dbc737649417dd50a6260207334b284cbad8ada240516d63d556b24588e8e1664d79f2b726fcbcf47561d117c2349213cb10751aca9cf4bb395d2b3b79b4e48f397f3f5e9bbd0795f491754f44bcdc21751c5160d653715bd648b016571860a8390aa0cac6575832b70d6ca4aae228682c680aee521048ac08aca23c02c3058c00a480ab90141903d082d148233a42eb69b42c1c635da325161688414dd010404200d5b8f56be8c72e7601e7f574325554ba8f4005b9af85a521640c0ea72ea3d0d9c3aa12cb16a95bc5944b4196db00a9728c621709222e9a8cd6d3417c04b2aaf451658311516a4ac5b8282caec129b72175d96d2cad9835da80af4e6cb5d57272d623a165b9a9b3718053cd9875218c743adc3ecd9e8b2eaf3f1ccd3cae9e969aab34aa02c59596c8458d4179468850d308aacb3345e44018032970abc29b9404c8238203206b7733d92544b24287516182484484119aa012099ef22b06a64108e2b2d0d07b33da5d65170e6a269cee0b2b2c42903974a854a07a5cff5310ccb1aa7161da54b4f3a3bfe76a568d55b8ecc67e86c914ae887379be933d706d228e6d084b73de8a1eb2a9a330c2e3551b1225642ddd2d79238f677ee4f3b8fd703c769e871eb6caedaae022c472aafd42e5e2f7fa35af2f9fd6664e3d565b4f65172dd96d04a345196b91b9eb3d1a72ad9666b10d174ae118d64604b3b7c2eb59eafcf7a1f2662d98b655922d3ad4e3ca6c1ca11a5662c5461a2c1182aad8b0701470b068ac453005580c080c81546a7aec908f2101515a022b0a50ca076a41082077296171433a0a6420702abc1e2b25fa32e85cfaaca4b41512bd4022a7067d59c4b2ca0dfe8fce7a3caaf31e8bcd5675da293d7f8df6591f3de87cfd66ad855de9b83dec978fb7834da32d75eb5b8bdacb8dc9eb64d0a3e536304245ad1dd69340c1b068aa39aea5ecf4f16fca518bcf59ec6cf1be825e979ff00419ecf21d0e56cad95b2d51e8337632839fc43d5cf2ae7a7a7cf2250dcfe952e8a6daa6588ac85b16e8d33528d35c62babb4d0eac797656d48411b760d15ec3ce5fcab1f4e3b4d0f9af0886a48b0e9090a30c142a5d204104ad94705021d484300880355a10480c03247a560a3c048ae05048a9642a8e0a8b410382ea55882c52b630324201022101788ee1cd2a9a550483557e72ab98815b30f55f9ce9fa0e17772c5e7bbde7aafaeccd567aff2beab29e6bd2799acef5b574fb7c2eee58783eaa1e5d3d6575e636ece508eaf4f26534f2fa485d49a4b5f375d38d3d379736578f616e6b89e86cf3b5c66b135d67d757465ec556624f27d2c7b68d16f34f4bd5e57572cd4ee860e7fa0878e6f4de73532f433b98b655aa92a48af7e6d78b2499b002675d192355b9759e5cc9a8488368cba2badcbdd82caf663d06834585a2001aed188a8621d62984955810d504291c8416d52146031008c18055c05588412456a50f08148c160d1507652210c22b829b6308e54462e94c2eb5c310a821aac71ed8c26bcb7abba5a2850366d55032ea62acdab19daee717b5973789e87cdd5d552f5b3d370fb992795f51e4ead4bb1577fafc9eb651727993d7bf83d87b1c1aec3c8e99568ed5d06baf35e933965c7ed7c2f523d679ad18112d615726615b29578b6cdbb71ac9d199f597f3b29ab6caada5c1bf2c5bdef18d1eaf99c8d75afb3e5f5c7ace5f5311e72ccda351aeaf69c87aed51af2eac580ae6900932eba628d582d38a41d430c0e8a6fae8f37a182ccd7a6b1ac47214715e458400c40395acb655688d0945c50612016ad203102d088602d88c07472188324ae89b140d0044840188200c911962a9b6ba8b0829512450d0842843116fa2c2f40a596d372eaa9eb12ad760b46aa80b654261e96735fa3f11eaf2d9cce9c3833bd0aad95193cbe95ab03535dfe9f9ef439723cefb5e3d70e74f71ab68ae3ceca6dd018c2bc542252534596157529012e015103ebd9d28462b19bcdd8ba3ba8a735b8a2a10d9bd9551e7d14ea063be5eef37a5c58e1f479fd6d4e76de66e399af36f969d37538a4192832051d4c0b7e58c041d08907b6a74eb72ba98b532efc5a467a58b522add148208398415d959935b124904164158315b1ac655b4291880a9640a5869b4304240690c50bac045b44321057680c88195c4355a056000f98bc4232c8490956ba8862b165d9b4ada45457b856599eeacb14543d36c3155bf39d2e978f58f6cbe381e938f8b50bad653d56d427a6f334c7b99e6b6c76272f29dbf398deb2eab1a854b715de807cd73a45a5d6388968505776163daccd6e6d92b295d1b21c54ee72ab8fab9fbf4a70773831ee2df2de972cf83b42b95d3b2a1bccdfc8b3517226dced58766532ec145d8ac40cd695a96ad758d91ab3010740cae470537f5381b6cc167630d5301169d76992e3517016943c42e8d0530881af32d914610a842a42c835373020714e8c96585914c245a34d2307225ab4162da458d045b6b15ca90074525420c28a9d0b256abae576a4308a6123a58ad6d6e5ad9ec1f9dd750474306c76114d41adc15e1dae65b6c850d512e8ca157425566622dd619ce88577e7b02f95cb190972e5a8ea57cf64d76544b0d2c588ae66c3d5872dba959cc3d2ce676b2f3367ea400b58ce74039576dca742ee048ed72a8b2abdc626b8d555d49accda72e8969ba94e36e6a1e502f529a363e982ce88b7cfb03722c461a2b07466b0d1a31db66ece98ade88c0536ae526b1981a452c6bcc6a2eae58565c94a6b5286bd8c8f739957613055d2533be8959d750289a2186fb42920164aca13592f14ef5a0575a4ba92b7a242dcce0b91511ab6532db7561c9a2f5cfa9aa436ad82c902cc56b8ce5b6d24b850c5d9e029d54dc58690588282e82029b90112d056b6886d8522e5319d40ad9b316d5a0086b405b4dc912d267b1ac032805b568242e548d751a94170c970f6b621de3803d6349714bd84cf3493235aa89b541925948caf9884c96caf4271d05d00ce2c342d58b6802bcf08acb858a4b14566357f43069b3a7ab06d5a6fadab42d965ce59a49cde5fa5c99bc2349477b375bc3cde978655753b6325d66faf3e9def3b2d86a3564a18b9b2c36b53da31e5ed5d1c06ec7228ca58b20615988a76591ce3d05314d75151c895bcf361d39cc0758f249d69c927547294ec1e403b33910ebf5f87d98ebae17358cee38103c5ecf18c4d9ce9736725e6985a6985cd542d88c182b193442916b2676d2cb966a861b3414ca9b342f368e9f563cccd66b39ee2c714f79cf30bdfe75941700a2f248ae08b077a89ab32354a4d6696406e3cf44df4f394d98d72960ada5e96ee76e10c046af719bab773a334931a611a2b5b94aa3956041e72436330234048cac5b652fa9d2d5cbdc9b240afbb9bb752c92bb191a47179de8fcf628dfce3a9dbcba2b6b84f7e746dfcfd4763ca7a2e7cbc80d291da15d7728fdae2ef4d9d3e56a97470fafc62aba8365b6d2e5f6e6b97a38ec91b69c79cdad82d33e67a481c50324ab1859babb10aacdf742682f2d75dce66c3d5e4d62bf0a26ed1cbb6ba546662cae3536c5ec59c93db438d83b39639cbd027346a318ef0905594ada2844802169cd6a5daf085eeedf2b23d06df220db7731abd74f2063d73f9035ed785c52741b9aa9d53cf7adadc968ead3cc73aadc68764f23a3563e7b0b662ba2e3cc43af3910ec57cd068b7239b1b9b79ab55f7af2775f953462933a0c0c4804592b2474750213cdb259612090c8160c4b6ab6c6e972f7d9bdaab545f49b3a35ad962354f4399d5ab37cc55b3249b7665d1754e7dd91332f5b946ed586d386baf2ac684557449ab339d8cf766588294260046534322ae8924158a58e4d7392d1102b0a080d82dad9ab9ddb956168510816bae9b9bab9b542c88cf5db463148c2ca6ea7275d7638bd868e25dd4c71ce5bea434ecc4b41922235614202088819450455b5c80564810c57860ab75352eaad22d882baed456bb058acaf9d51729aa5d6d8e97a9c1bac7069aa705f4668cd7659750821a451d4310102920b040412018ac385616bbd48428eca57ce3ab584830c41a24305a2d59767bae7a7a3169570e2aedbccdd628b29b19ab867f3beb3858a6a1b29f04b4d1926c39afab097723b1ca2b2f16131143a1af5e3db2e14e961b2b2f58a2c71abd14abc121a195af36bc3558b0c65324057426ec9d1ade6e5949a30971aa9abce8be30f27a7c705955b652f5d94cca519ea6ab3464d275b571b51b29398c95b249a32e8a173aba6412daaa2b28ca08cac90b080c84955c8a8eac34843530ab59e81c342ae9e4efd9c7c3ab3448d54b6a6ac36374317a697a6c26a1cd66333893173531e5b991c06411890150380c46ad890922d8214ac1d54162852c88c79f656a8e8d0f035131895db50f7e6bacd7bb95d135457a1b31b59d0a4bea575b4225cb2f9ee89cb9265eb71eb4f438fda28cfa2c5e2c0e983453a9693622561d4b76e0d06e0f62ba5d6c63a76e5aacdbae31cde4e7dba6b5c51f6d9cad4923955b20c8e03d9e56cae8d15c502cd62bc486aece718b25f950b25c51621b2c316ac5303d2cbba5cb65946a68a6a590cacc68a1e8b620990105207ac3201d63401004151c258a2483557a525c2d0d36d6566ea8eae8b79bacf3e038af9efcebb320b6cdbeb39bd3248b657cfd9965aebb31e758f4e739741b3df4d24210e561c00570662c1214babad62c95d4689954bd32c2e6a4ae092585d1872ac17470d662b3a3a35f44b9ecdf96fb5a1b2c1af069a297d3608581c2f419b379d32ea8e474ece5577467d6b8b99dce4495e7d984e9676d16e35b29b2bd9cfd71d3b32f4a5ce74555664d1ceaeb3f39e5e8cc2b26eab2515b866a0d18aec8246ae0a31367428e9145c6b5b4141f2dcc63e5757908b55d928dd5dd14935d9b691a16ad2ce5a58c579ee35912ca6e485694d6960a448020155d283058b0150b0020903608b196d03d5a28d8b6d22df4453751dd4af8ddcf3d6421f3aad21a1d1c5ea937c6952a7ce6441666d3cfd35ca32edc795bab16aab1aaa8d6708372e32685ac43d953012c052f6d05d43d850764319db0a6cb597854e96b32b1816042c0aa98c330640965373d2dbc8e99adeab2958d55d0aebd1656c8f4d59273393e9b858b7e5cfd3ae675725075f1e8b25f3e2d74c5d0e56eb7560e9e74e7900dbd4e2ec97b0d8358b4ad956994c496da65cdbb055f5ecaa071badc6155915a474ec6c4b16b6283514e948d8b2acc4f4d929b184658576258875e4d0bbe9d55c55a70b2eaae85d415828c8d58aad2012602b281091548181ac70a48588088b2c4b4ab567d54d79b2b3665917fa7e7e9d4e0e023230d328b16cadfeaf0ef422c4b2be76ce74b6556e4cdc7d0e774e5ab2ecc714ba5a20d06b33e87296ba454d6858ae1129d50aa8d1415eac769b65368f1006245e1db58d4d8336a296d5442c9255b2bb82c1a853a12cababc7d8cf5b464d54d558a4d78aeabd6c9a80b012bbd63c95bddf2d2fa3c7937cbcee9e2cf5d2e277b9f263a6c86ed3c8e85604e862177f3b4cba2c39eb5dfca0770f21e3a76f22d36e506a5d4bc65e76cc2b11c0bb71ea4edd5881a8e1206ad40a54a92f159dd20eb2d8c643586fcd71bd72dcaf4c116a83a4102356c211ab25902c5b5a8008047adc297294b40580a8482ad7d3a6975b5e5bcbe871c172ef3adc5ed795d66b22cc6867b107edf2fd9d96347a155990c82bd99b9f95b3991b7423ca7268cf192eaad34bd1653112083048c445bc0ac60b4e843107acbf4e6b0d35c22962700d6fa18d0b75f3ec35e5d2f18ed85438b92b16d66536d173d7d9c5ea1beb6354c92b4df836d9745720792e6e5f6293c66bdfc38edd387ae73fa3465acc7a7cb87aac6abe8a749974d1ad6c4cdd38c54efcf54d945a30ac97e7d398b222c2a4750b0a2ba92e6894d000c0c281596db5d6223245e631cf256cb5082cba975b200070a32808e56a19410896ca92315258110ab0f598aad21042348a5dae8bab73d59c0b5886f53cdd3a9cbe4bd7058d52d6ebd64eb7596da0f10af93ab29a134f3e5c941d32d92b32b517a4996d952e812e031041604ac983104505071094e5db495b5161a23416daec3cf993466aa1a1aab0b2d486a345a0b57295e8cfa6251a098badcdd167575e2b8296d760b28b2b75d8ecb343d36415755c9c3f454c78eb76f324e8ebe2f62d5cfd3cebc8b585cb577bd62b74e4966fc423aaf9f62d62f431d1d6539397a1aeb80fd111cb8f52b2c7456470b81441621bed8c74f4749ceab560a420c69a6299c595596a101b1aa5be29082a10e840d6151408d2a695ae4629a9ca56e216d3229acc2c0188a58e83d4d52b5b4a7a7afa1657e5f7f19011767532da0d1eba8e9580922e2b79e55d3cbd097372b5e28a6d126a4843656e9465db962eb73596e988c588564051c24019441c2b12455c062a69b6aba98911e7a434a1cdb5bbc477a1e196db0ca7532cb549181066bf3a766de65e6b6e7cb3a356626f3cfd1a9bce3d269bb0db668ae592e5e07a3aa3c668d7cc3b3a78ba0d98b5bd3dbcfe8ea5bcbe96397955d8d95d7e5d4d68a71586bd5cfb000ad96e9e66ecde566d796800e8bd3e6748e846a65c3d432ca6c5795261d698b9fd1e7688a562f57aeb30d98d2c2f50f080bd656d8488f5d82d6cf154b69141281aa8179058188a0ab08d0249496d169ade9eb555d5e1f7acd191781667ae362bbcad6af4f8fd358cd1038e6525742cbbc6092dd9d84290ea0c884880cfa2933e8a2f5badcd7044902314552831adc8c2110a99934e62ed592f2e2b59c760d458580aefa956c5b61984a6218874d2232b15a32469b2ab2c300a90123a3259ab0b1d37c5aaadbf2cb36225a64e277ea97c9b753948fa7094ed57cee85ba651b6b8f5e9cd9b4f43250757153accb252b7e8c0c68ddc9b4b32b84acc2b3761b53bd96b8bbf2531371c02b7273d86e76cc856af5c5e5d4c6b62d92291c02328869b28b25352a1a856c4aeca80ae1232a8c5aa182b90c32c82103253f5b242cd06dd4c16e5bac3ce95e6b68aac966fafd60d72e4b2ec94e52ec0b8f3774cfa253625840545742385832c83d762189de85d96d4e1924335762090116c520300aca266dd9ccfa706c2e5aa185d4d390c1a74512cd3469458cb4ccad2d8820d20b288af2e9686c01a0230a904195ab8a7661d475db976d9b9b3db5a12a6a5c1d2ae3ccd7e878d2526575d4bb8fb2acc9a714a6bd0b150d8b58469ca182c04471e40a0344165771dcaf0ed95b2ee165193a04cd5efa8c587adca295ba93750b0cd5b2d85d18b514903c16c5831892b0425966761a2848a400c65864822420328a3da6ca0d74581d64e4519aaf2d95ae3e9cb2fcb8ecba94aa515412d14e9a324d9875d35a8c5a8542148654a5c334354c6c5d8ec497468c9a0b05a88a5616a805a2b716081800f5852896d198961d5abcd60d460828065b6ea6c468ad51d4cac43016cad32e8cdb56d925864201602b32073e9c60d38ac9742d06cb75612775b89bacdaa2caac3938383d672a390d16cbd121a33eee7cad6e6737d791caeadb499dd890b229121013659d0e55cbd87cd723caea969dd095f23763b332ba9a72e8a0cf6a4b11a11ab682b120114630c078818515a29158989082090844a2ca45dd8f694beccda870d9746617a4a35ced16aa543d098e344a64b7ad4a595b08cda2ab2ad1402e5168c656356cc532f250bb6197432cb9afa6f4ba0710950a3911980015042001e15e1db8cbb5e3b8c641a21d0acad9163d6c586a6a728b1a46606bcf5dc67e8537864340c81821246131edc30b7adf2d6eeda886c056d09668c52baafccd29a11e573f95df879b9d0e746acb656088e50f692a5b144365517446b402096566a0812fb7131d0bb9561d5b79ba4d183656bc960a84ad8635b12cb1366509a8162804b514362a8c51e002eaac2449185818124a06125cf48dbb5642baacb6c446a147457a11a68af3c5b952a5416dd149bc149bd8cf6da4a4dc4c8da215de8435b0019092420908403257a321baec9aa080a33a38c6b8aca1d152d5040e579b6e7335f95a94d0c5e89096234340c062e526e254d692857ce6ed19ef14c340982910629098eec31aeecdb4321a108010401a015a8346be4ea3a6f8acb34733a617cccec721314baa52d544b6dccc5a858aec52b03d648404482122cb0051daa85ef9e162403560153d7659a72b2c064146290810323922ac5965515ca82c510908242e0d565a559e8d67578dbb31a39e3ab5ceeb5e21971a43a3dab53daa28b50024831a00ac1e022c8078a42ac00412020804090c65c9d0c836bc1ae2e0480982b42294624269232068b49cf0ca677b9ca9ec90a5c8acc452c831434ea415517246d75621594c5480122b1864c7a6a9746ba345924508640ba902b85955a88b6d3a0b88ab519b8b23bfc9d34cbcdaed510188518507405cd415b642aaac88648410a11169d52f2b85880811eb252eae86b908a62947888c051041232c15960aeaab6caec195b489a114bf1d0836ec7d88a70eadf53a182b0e4c486bbb3db1b6ca1d6d020e100a408b0d642b08ed5b0606010a388450ea492055d00c00d936511935e6b8d269be8c76333aa4590c018b4d14812c432d1b338591a098c3810321229842454054a2ca3546b47502d904632a080790186b325d76a3d86051c484656520c4af174702af4f0ecb2ee7db92ca5483458964736ed7cc2faeeba5c6ba73240e950310d95995944a81895c84062a1559563d4623a3d56092a5b6b42a5955c989011034aad6c418088246219b568b481e9ad0b52b22b0635f5306bcd2b812ae4474a69d14d3ebc3ba5d3652f0e44a26b3003421583c4721583b230d000458586a60c10820184840ed18a9df80d1b797beae7a9c88e4a89482a6500cc255a39e595ab2868642441a4848585308eb054cfa683374b9fd2878aa34583956a0ac07a6ca0c5756f2ee42101869d948c228d158392ea14efcdd0d67061ed72cc88c86ad19f526ac7b6b5e0a6bd114599556ca75b184dd490810601561aa0c0121561e978954240f5581582a5565685d14bc03298b03042032a25b0a99e233568af5ac0c9030ba2ea5359edd19c12495dd1a051a2bacfbb1e98d76536ca64843202308658486009461a015605224207646095b0a898570c09041874e784d99afad2c80b4d50b29320c82a484945ca56e10ac83044219182412004924a955d9e5afa583a040d116320cd4b0c294aba8150ac97cbb046b118c0c0a18ae34571326bc8baf466d1accceb456256ae35edc3b936e4d998e3dd5ae6f67897f5373cfb4a65dd660696ea6f632cd1515879091852b2a8d23a2952165b16a0f5a1aac1482302c10221806300c5ab55152c9482c0869e4b0aefa7718d2ea4b55761d4e26d3591584420e6b2b575592a6bd39afcd62a4b428831588610420560078ad40ac8711e948058f539228246848b49666d35c23e6bcd119ca6cad4b92541aeb05a2217d4a029601e4843204823c9052a462b034b4963d6957ca547296a2067286b4d67af55435d4e896f90d80404575234207562aa1ed2fb2ca2ca29ba939a8459a77f3f79bb0ecc063ac8cd5b6baeceff0aeeb69e5ecd384d0d99a5db6e168d0a97ad0bb694a16fae109355c690962158a6584462c6a969aa6048aa300068151a2b1234a1a6a8153615dd5a96d575c517d3754bd6a298c21594e6b566068beaad37e5d59ae64812419948ce848ac04900c508c61005a8d033cad0b42cba6ca50d070b2684cb0d83328458c5c68b432e8b9e9d8e73ecd6531d9a00a9642b7655ced544b0d30b8d04b95004c7505ca56ed64675db2b2b68856d61156cae9a1a85c5af209b69d32d8c0d9240080c3806a3292abf2b9d0c90582a39d72d165573ab7f3f79bb9db712e122652a7354ebcb2cee72a6d38277e4a5021735062fb7332eb6c8d17d45cce7488cd2fac40d002c6a546cd4c162309006d629b598d32bebd9c2ab7e4b6b7a74c52dae8b1efcdd55b2aeee25e617a9321505a73df19591e5465787aac5a4db83a3939532835249a12ba8d6f889b29aa0f5c5ab4d2cb756951655658663b6c3037402e3b5ee283ad533cb6c2a6b62a47ac2d0a458560281219249028c08ac17991d512c3681ae0233123a9a6224315838514ec84848009028ed1973dd8cd3af26a1806a0ca48234062b44a13395d11a72e8e66a3a53a8e7a4b6c3b316b35e7be8970ab0888e9485c558d590cad4b6a36598a75f15642f59668cda21432ac76d31415aa2f5aa0f4c0562edd5ccb37e446ba8ba053a6aaad81b1f467b32ebf1bb9c2ddaba782d4eff9ca80ef9997d2f1f22965d9b4004525f46b8c0c24a1e18321acf7d67262d3255ba4566c62a9a2554d692937caaabd292e7cfaf19aeda2eab63b0045089068b067ad89232c2ae085492148ad0463058c8349080aae046296ba583404304a72a478921d830a64a9041a00090c342864c7a731d1ba9bd4303602b062ad0b192894628d2b2ca715b5ae99a72a73efcfb352bbf26a8d553acb815d62022825958f1908a408b6255bbf038f87a0ba992fa34073edc23f5393a0f4bc3edf1ccdd2531933ebc83f4b2ea5bfcf7a2e3a65b11a4b02b45244d2cb2abb2da69dabe7dc0dba78eae9272676b92a1081afa2c082a1b2ad4612a736c28c3c1045b2b8d8d2cc834929110b2014d2043162b810a726bca5b763d46c0b0563022315bd8002e511d08c508410a5604252172281c2392020578bccb69b4b1d4d8f04095623060c8609552c82540c08441895834be629cf7546fd19f40a48a12482ca0b6b32880d6373b4f34abaf97a4a316ee7a60db536a67d54df173d174b8159a1548a08ca385210c155599010cad757102dd5ea68a537d9c4d0517d0539bac9cb6cdd2974f9fece05635f40b73590e2058cbb536c2a595db34e6ba4bba9c8ea2f0ead35691c0356ee2d89bf9dbf62f127473144b082f6c4536d3666b110162b4356e2adbf1edcd04188ae459084822c651991c1cfeb6539db33eb2d7aac248031583212354e181858ca18a4321116d416590aad8c09212087274d3a0621a8c9223291ca91a0034462d0169a480610680c0ccf59952f06ad153004604885902d8f2b34f170d572ae9e2ec856860dfcfb28bb3ecd4c76d091ab6f33a52e0910b52112a64090c302250d2bb1acaae56adaa2f6a5acb2d5a351b3dd48fe83cef44afa196b8d756932f23d179fea15ec398e4e7eb726c2c96240aab63d1a04d592ccc19efa7543d6e6bc7d6e7955b9edb3abb7ce76aaa3b7960e76dcb2e7b2b7cdb4a9090492113761d316d76e7cdd0f530d2415eb6195a08cac164a631ebccf5a6ca6f038523282c88618d7601d1a98184a99857aec208a31560308110815d0c1a33de34534602130c16049245aadaec471053c4838458b6530ac5b4454f45d5b6b0b0cd542c5520046a17356a4c4c7374ebcfa736d91743cde9736ca35259a9933e8ce5dd1e774b370a952420953a01d5c8196161350c8af5595d8d656c368cec28b93532eeca4f4be7bd0719365d975cd63babcd1e9316ca4c7c4ee732cc8f58abeabab12da7495b3a665996eaad8181b5f2f425e2c8750edc5659ec29a775796ab6519734d954b694794c106200cc8237e7bd7345945e471056102cb03229648c63cdd0e61bad00beb7423062095c5a8ca18653b54c42090a90d6c01623844518a80804c36d6e122531121cd685d2886a5a42de732a694a455cb5d8081e165ea5435d8609b41435ad154ba14b5a6abaefcda931599c6bd9316ed39f445a0ae879baf1535e96ef3ccaf4d44e8f33a59b9abbea16328896561b2b71d4286230c43aa232d91d21728536d2bb93256f5e9d2bb97da4e375f93be5d5cbd8abd2d1cedb18b06ea6b9d4d95d903b996fa886c4d52515e8ceaf5a581e873b51916fa683896763b9e63d2d73f8de87cec65aafa336c8ad2b0043230c0c8bedcba25162246900914a8f108618314b0ab99d2e61b5e8b8d75590ae005924861212114c2416d5830002558923088e09220e5618edce0b56b95644b021d624b215072b43e8b0a9ec6b2b772564b4218062b068a0841194c0b0155e4b326a2df9bb11564d7971745f9b5418468bcde9f32af7a2ddccaaea95edcbbe5aaab698a84811208d02bd6f5a074b02ea56a2b6dcd61d15995a25d513a9c8dd56a55d6e1ebd2e6d3cbcceb5319a7eb707af19d7773ce5d1d0e7d86da2c255bb2165e729d6e4777972e17acd8ce8c5f8afa298d76596fa2f35d8aeb797f57e68c54ebcb8a962496c2ae49006c4309b326996d5320b02090903206003d94da3737a194cbab0ee34b56e21462c4048442d15919920ec8a389047ad87560195545e29a0db5d0c5459e919e11a1098f0a63d63162c5b6d765160428c02448121242a40610c2412043555972be7b3675b16b8a71e9c79ba3554f1602349cbe973aadb2bb773195a92dd392f95e9b6891018aa4c056f5854b50b11a5b6ab2a1489643188cad2986135e4b6caebd74ea6fe7ddb4cb6f3fab156ec517b9ced1542717b7cab33d8961d0cbd5a9722ec295557511ceaac4ab1eab0505295a047e860bebd4f1354b3958f764cdcd1965b08329218055e038acdd20cd765604883020124a9a33d916e4d351ccd15a9d228491546b33396ad086a395cd0b53052d2257a1cc6fa6a8a16dd16e03a22225ee55685124941d0964561882303494d99ef8becaada311862244848a41049060ea1900c18028ba9ae6556d36763462db1928d0dced90341533a061e8736cd0c2bdb3d0f5a36ba6c96da3466c8092848008ca065b28595d92caacad088299d1e0302a4ab10109b251b7531756535cad48d1d2c963adba305a5946831c4465b3b931ec59ac3467e77469389568a3523d6f050ca084a1b50d6febf07ab673f37530cb812cab35d91e562ac0300ead234599ae876a9e560542b2009615810bd5698336dc8169b4ca6d255697292e00610585cae34158296556d8bcfd992e1d54a584a921866856958343ba580225367be82ad345f161594cc188418681420c2180255c0091a02aa96d69c7ab5e4d4d1d8f3bd482f273ac45901906d6f1fa7cbd4d17f2f76e267d75456aa17ab92fcb9404114caac325424439530e8ea106506103215101218506ec2f5a2ad4ba96f2bafca8e85dcfe80bb39fda96acd7838f9fafc9b1fa5c9dc752de1eb97a748ace05762ea2c4b448106b2b6461055da325b677797b5ce1e5e861c568925b0a32b810681a06ac9a61da194b2b010c2484063095b133e6e8f26ba1a70e98b1940a5492401249195c4060195c8eb173c358ce812e600720c665234856c82eac3caeca5cd7e52cbeb78b0894ccb0630441211d589202302410924848ca67e676b9b5898d75bc65d9969b6ad1154885bcae9f3352a529b9bb35564475d4b6e6d59a10158304a5422ac52b058487041086a064553212021840c014d832743516946a9b79fbe13a591e5d94d5709c6ebe3ac1a335c9630a8d17642b45365762b4040c806111996533d6c6deef9af495c5e5fa3e2c640d3358abcb0a312cada25890d8f5599ac558ae5882c7002c867aec4266d7454d583617b2b400404470300460a39521900d03ad78ba5cd4d52886d40c4520cf04a2e8f1635269acad8ab3b21a5d5862a4674782200342340c06909200ac51a5716d94b0f458a9cea37e5d4cdb72aaf66cc776574a48fcce860d4a649a897557c57b71eb5d38b761849241464a55868ac90ccb64490d02092180848a1e0864584443af21ad0baf36a557d2e742ba6f97ab99e453936535c6682cd99f5e318ac84aee4aa8952010d14008cf5c2c8b2aded70f6d76f85dde7c71134519ad2196259002180d5d86abb369cd62a48ae08202c42c5508133eba2b9db71de6dbb3dd0621018c00c08230b0a8d2152e8499b483997e7d166e54689239901941960d230d22995d0c6a6a5c78856d29070152c1505d4688685a6170ae98d0284ad06806895246895b4833e84b3251b72ec37607977adef19b2f4b9ba5524b2c8e8269cf71d0c3b71c54a64047ae91d0d3a32c33a3c12a68c903160d0aa5a15848c15488a64966c6c9d1b316b7cd42e1235ebe575d79ecb2b1e7ddcd93a193764a480c4aad5aa810004056140438860a7ba97b3d360b9d78f8bafcacabb2ab33a62b07056234655db8b6431590d2400803240c907a9d4e626acf5b746578b84246523a59590a9191948cb0b202b2031813665b35599760a1d0cf04a68ac3c560d56d002c031443bd21762672685a82591195a282d35df2d4baca651b8562b35b19a6a2663a98c8da0a66e6f733570ead5459b3b1e6bb11d0e27571572895abeb70577d169d3c9ab3c669040464a5757000c47470302486108240488e152c008a1954c129b663274f16fc5674f89baa2ed1962eb57aaace5f53049aa66d463abadcd115d6a94bab1648005842a505d5c2c355b5bbadc1ef59cde7f4f1cb823d79ae6095c822ba3ca2fa8c6a05a16441c56e12b0680824867c9b311b2462d6108cac388a0208548240c3356558141f9fd0e78fd0e66d4b15c1ffc40002ffda000c03010002000300000021331bd957bc6362fd43e5376cbb316949ba6fea52b9c50b3cd08832a96e97cc33df2d7ff1ff00122bc582fdc26466a4c95632429c234a80d10036fbe1e3cbbeeb9f75900294f74df7595db4409a0e824d7c65045c65771f5167d741379e6f0d12518638b16e205f40a84c62a59f2245b202c12ad04114d3cfe96f2fce5310e3409d537d7d7db85dc74a858af48e71271075e65d7d97134137da7ffeba71057eb2fd47c09ec450740dd0314792020a2823a69ac16d95ff00aa6171e2e4367e6f5f05eb47e116f65cff005e961e575a4de49f6d245959071444da83c525cf0b3d22e74d0f30d9d6ec2ddf121181181a8b92a0b653dea9d58907533d70aefdc2a727d38d46477783c3e86c7e69579561c41c5fdfdf498b34cbd34c25951c79359445324d5dd5a14209693c89a514d84729a40bc36eab8b5e33babf60c8868868e4820fabe9508beed26f127137d37584da2085b5fb0566a9075c4d761f3b0e522cf43c3018ee007a493c4a29a497035cbfe98f0f28b26ee2d6bf7196d38c23c1b2c87b09849562b2796b4184d1b601d2d3f5cd91f69d55ac25514455ed9e56ed6007301bc108e82128bf8292cfac8f04d1f6b4e8e5675800d30a16a909d88cf56c1b7e9418aaa278e3a661d6d32499a5975659c0052f4a9dee4fd1f25fb0bc9be3bc5b210cb2463dad72dfb4599e1bf346db09bc0fc0b8384bd0b9c8f788260cd9c325b76404805bf704575f486496332757fb29c5fcda566829e428659a188e38c1bdfdd55c71e17ff7b1b2779a448c7d3308088dc213236863ee6e3248fdb9803c84dad216db67a90eb5d36b55441db17d535c10fa74c8ed0e78e70c7d417d17515ad01d5de7b65954edd8dc31e7eed7c353e27aba5012d848d8f2cf5dc5dac624de597bab1288e759c69bad1d828ed91775eb010229ea81ef857da7d96f739379f5da7fb329ca2e586975f0f84be34218ae34b067ecd02745e591eab5db56b048be7860cd561d6900e2bea95dd05fc40e8b2541263badc471fe000af163834d67ee8aded169443a7ff43dce2ba4a2c02b4ab02859669f7d93ea6eb2c19a687fde24042d426e972d904aa1ea86a982458386c840e9d76618738ef3e73a2dae208338b299096fdadc5eaf47930956432804b652461be670a00fae8bbfc79da70400d18aeb5e2ccee986e8c34571ceaa006734d15af840b9eed9ecb63b2fcb8c70a353013cb6c104c207000ba7ba3a6e12f0eff6c9229ae288f7b9bedca2d69037071c36acdaf90e37b8029a0d637d8735c08849b269608a586e92099b3892201c806c20b024847a4220c20b24634104a10524d1c6df6d6ee01191b01753fc2d8e90f1c902a5e01bce36587fbff37b4f2cf907806bad96a8a192d9aab800c71830c90cf3601aaa2c9678e58aca6d80228565353745b21061d65934658344030d36b74a7f1ebe6e84033f584630a8cca6f10cfccaafbdf6451241cd1aaba63c938c3c90c33c11b903067a2df50f8e2e34c7ea36fb43c13524c91c747ec7d078d0de420b777d05e34a34ea4289a4b7e6b48c3ccb1a8cc187a6e26ab07ba8d42ac31030bf3f9f7ce197b3cf0cbcefa42054b7d5cb96b7db27d68fcc56d17ebf0af460cb69473231ccab2a58643fc91057de0bb68e7fb59eef9d110aa58630e3e517bd1c0f97fb51e1518e768458881e5882c585f634c79eb7476f105aa605d5638928490027eaa8bf84c023a56967803096f78143a604b5295f3892bd8e8803224db522251d43def4306591115d85fd5c5ce7e4bf833ee04a8d99d40b4314faaa2706621bcb46c9008001e3320f71e6e1200847be182c118410dbcc2b1c452c455e3ed481b83feb858034ddaf6eef816c6bb0d8561a606681041c6b2a2400c4531d7cd0aaa10153da4847ac1bc003bbac163cf28a348a4923c7051d5ccc84156f02a48ef5b15ae567ac7fb784698dd1480141cef80a142a2a84543a6125bbf1acf3835496cd0148a3f0010c99b024518624d14e1f8202a34f4502b68508c093f37158b55e8b4fd989453ecd40722e7629871482edac11b4eb1dbcf3ed7006e6fbc4c80f1540028c832528d38010c08e2bf2bfa9660606545518a29ace2854056ecbe93add457ecb5df9c842914924a2c42c1094283d38d0779d160821c38aa4872809180103e9174d18818b01663681b507c654453386b04001580cdbc2e768149abe8c5d98c6d9784d8860872c10564045f4e00a008abcfcadbe06aae903040327fd8fb249e1c4010000153888c0132abf7e31fca1a9c4df5f776b0a0d02461037d95f89c7b8065e75c5213cdc32540002101e8832ea0312300514806cdfc61761a0827d1512178040c0504085a4bc43f936a8f9ff00cdf6aa476b8a357ba60ec881945012436408f59c3f28d308171f86c821ee1278030861e2ed673ce73552c30fd200a096d20d806db2bf0178e17dcecb0d0f24db338034e30724128188299b181695516d73866d28dfdcf31ad2c6b20bc6ba42e9a3cd7ce1b6515a167a311bc7480f363020b329cba7c3fecf38bc177bba1208800b2c2b63b2c8b5bce03560b922276c7cc7cdbed33d3efa58288cd26fdb3979d7d61d57accefe6990f52c3169212dcddb59dcd6022c3828207b305822c1102b68fee8d42d7e45f092e15b7f71ff004f71c2e92f9e39259a6aab9acbf1cbcd1a60f0abb8484805b6cd4c634c4cc0b35f1e06347ae504e99808d2003d99457a9bae76ea85768005afecf6d76c36c2bba1a27aa12a8a2e3a8be6ab64116df8608b4d3c7b028018d3860cb65d5af9228602b6ccd004308127bcd86d9bd4000c20d6430b429c70842b6dbbc20a8a0c6ac7a0238ea810e896ca9704e98eb38ff717f1c31cc6a62027d07ac26f82a0820449a06af8a3ba6ae67068cbbf5555c194dd6fcb68905308afd2252c580d0053e4a27a62962a88df33c711a2b6e94a823076c62030d81260620e70a6c23a623c3badada6d120c9eb9e5b688175d17b4922ba7089129b621e214320f3e50c796e8281080a26167d2476fee8cb2421ca30010701fce456c087c7c0cc28b059fdc26fa628a8b289259ceb2caa186ea293050c9aee868a6d9e420110a90cc2004eae7d72c97ead01476534f0f43da4811daf80e4daabf39c4f18e276dbdba39e4a86a29a89a25ae434a1881082c50ccca39cea67b60a803e022098a2861a98f5f7fda299b80f88859d5b2d503a0776fbabe10dff00ec23adfdb6486ca423a8ba188e0453863023031081ce301eb93c1b2c3404d68240e2923265ae49a87d4cfac5c98cba0ef8cbef132ce790e381230e3579eb0fa72c41a92c9ae892d8a70c50c000d1c502e7a7e7fef51001262ca15902d282066989aa3f2f11dd8ae24728229a069424da14070ab315730697116021c23c42830030ce8ab8282051833c55499bcd3bfb2cb7881b03003d0c84694a0082ceaa3efb434ef475ca012a289d04959486e0431bf1ceeda45e34e10038f2ca00c14c12ea2824038b308cf0e3be36ef9fb7a6232b0e64c63a33858e1a229acaf2935c928fdce43eef9c7d0e2fb55b289a22c85d5d305d3571ff005f318ac26799e38d1092cb1eb83dcf740ec36c6cbc118e0ae9cb36bba2a412899a43fdff006ebd5967149ae12f13f475ab95fde8b41546bccf730d3ddbcdfcd31ffc6534431f440d78ebc6d31684fbeecc20b2c68e42c60ee8208a2be921453ad71cac30f28410b0864685df16de5f942e6ded0def154d7fda66f86e838e347e441c00bddff009144b4f14ec81b6ec0b2060441898b080a6c4a03baa672ff2ff00f38f0bf5d1124a237d2ffe82788528b13e8823792512e790624f25a82075f0955fc80f301f12e3307a3ad3585d636cefef3355a1698c0b832bc217cfb00df7dcb8ff009356357cb49672c5282b9ca14ee567f0d63d63024742d97a793bca68b4c61bbe9841c62b40cd663ec81c44bbf1a5b19e3200171484360509b049628e1bec632dbc6680210401993c720f5b165d61d48dc74a905f9b7c6c11fdd32025a2ea0e0d2126889c45a45301a77de3ba40081e2b2b5613caf5d6ecb7059447deb9f332e651ff00edaa5f51b41e1340b2c1ef17d5719c9711ee7bcfbb8c0c1d2be945a753efc6ac5417df2c2194888e259f667fff00950c753cdd37906fec68a462c241e0e5c87500b29d75041c7719b43549d23b477472f3f3831bd323d208fbaf0a0aaa16f5f5beae9ee28cf3f2c85e790530865e79df3ae4a534e04b1178c3f0e7ccd9d675fa595aa50794a471669beb1f62e8721925f3cbfedf233e5301da6cb54d2d4da6b20f0cdb8ac7fdfa811c5063f975d3bc32e69383c2ae2c3ec6feac029b1e1074f3ee682d451765b0eed566b99035e2c3f9b61b8a5a5b1fb4e35cc812f88a1c58991098f45d7d9fc32434eb0f34ef340253e67df7bcf96965076c7b92b8dd8ba69006a6e33fa8918b264ff4479acd0ff5509addf8a8104f3679ed845d69951ac7071927b785b0cbe5f8df855f49846562c8e6f194f13b3cb988c1f4ff00b691d7417d98d12785fdfddf9900000290a65ef29cf2263c57ae02d72cc2de4429fd0c1f65bde729746b0ec67f4dcb2c372c36669a7c2fa0d96622eaf86f5611335627e3e1fc4dd38ecb00aa26c78ef33ef3a1962cb62dda7b5a440f5dd58a2e66fef35ffaefdcb53e014920bb142c66782209a11d4a6fbe256ed1764cd27c507dbcbd7fce9caaae64db2c9b8ea0908a542b9bf5f5ed86975147c10e6cf4df7d9b5bb596bb9423cd3a9d9cb2306748c183401a8645e09d015bfa049debddbf7fac9a5a09004591249c29cf6a98a37033c949fd9de5242bb37d3bd33c50fbe5d3bb1622b79804b69a55918ab7bceb53cc0a399999ee587622836ef061af996f6f4722d9e304d8cec60b47f954bf4dccdf8df662ff00bf9f716ded2b1557cb7577595f8dbee615bd46633390c1fbce4412c1f6354b894c7ee76d34df49fecdb6694e062bb718fe4f81f6d041d7779926583fbf9b1b4ba9ac2555c78f79d9afc4afd6df514794561fb59fabbb8eb19282f363b0e7a55d575b691c0c1cc30496aa466b424423645661751afb3493379baf4790c808167fc39e5a5d3c89280d237d945c37bd1ed35b796d1384544d5d9857ccd9bb3075cd39a071ea9fd288a734e12177924996d757531cef226ad2f148f50f137b5e1e0ded78303bdf55040d5ee56e364725f514f171f97302b40aec28240e1ff8bed92a93c03e2e3e40a9349375071473030acbf86baa7145f4565f736c5d4b3c7a704ab5e1175f50d4a535b3a12cb3a1616382da6d42fd48ea94733bae0af85d6b775b160b6b6c7afd571157b2c46311c6722381f5659c737f59ba0ef1e0e5255835d754c54b859fed54434d1e02c9d582a22ad12ba88df67de5b2b057fb491f04bbfe29c19d8f69258f13493ecf5821f7d757532f7bb893d0c445e4d4c4544cad75dd470fc5c64cf0e57c4f3bc798e00f31ac728208bb2c6e74e8d9ef859bee831f6326ab3c9f8d3114fd1d6e1e38c7c873d7bdf565672ea02ed54cccc5fd93442dbe382373b7737fe3d4279cee2dc3b9124d217f8adc25e0f157d6584fe49a0837d64a399c379bcecfbcd7357bcdf3480724b82c2a4767bf57d5998b60036694b1ef347613aa2ca431288afb90ee253f4cf48c35d7d6db5c4f78931774c4a1a651d41546adf8dd14fdcc73cff3ec6f1caec211dbd945d9677e0d941200443bc09af2843e2942793f408504e04100df1d9a023f8450bfa374117d574651141f68d95369f5f9c8c3c0a79d783e3802d3235f5d39656e5f0b184e61d82e961210f25ebf804dbfe21cf0433a018d7c4aecba56f0a334127df61c75065f491f9cefdd7bc55248f846398695e9061a1d4b389fdecc215039e7280a26977bac7e19f1ef873b8e732200431cc29a6c9a2cf4aee4f9d9a69a6de634513c95633ca1d521e56604d8109452dd11186d2c94ee8db7008629ac1b9c1624360441d68769a8982e561800f38bce21ba35ff00de4630fd3692692431cf8f5defcc08fd46fb6175b1b287260659e4712d18f684d9ecea240742f96a164108b0b9cb36486409d114427a0fa923a2777ab2a43af187537de63cb27f9d77dccb8d55b9cb679f42531c8245a901e58654f03cd02e43a24f44e2bd37be6bc2bfdd5270202190d278beebe986bbadb21896450459654575fe26156f777a79643ff7f65f6a7a7b82ff00ad0952976c7c5d10bbcaa2f0a92b58bb5b835ed63fcaf614fd5021abe60ae4b4abc58ecaac8eb51e5783fd4537565d85a6591fbeff000415689e37c070f809d32f7cdf0c2d31aa0a4ab93ab1ebb7a193807947f6f76f7e40468508e7b2dbabf6386baf7cd76cd0fb4df7feed2463713f70e5e4dc23bcf90e51f16371ecb0b2a4fa4ef28e1f4daef6ac2b6caa74404cf01553f760c7873824b609aea60bef9b8cb8e01ab57386b7d8166b553f3275c4dd6fd9233a9136470284bc806caeb62e1a78b3f85ca398bef53ce380614b4219200e8132c196bba1906baef35efa640e7851c5325667475bdf35e50515187cd913ef964727d1d080a0b036da51c87624e241b8f69dc08386da220fa242c59bc814867ae676fd75df0cfd08f18f5504de3aecbeb24daa30484d2e9f10e6e6ccb452c6acb0e1ec910d6d2c2d11f13914dfdad0e1c17f329f25f9c8b22214ae482bd07f3a55c5bdfc5b37fd71c69607fd9a5d066a594a50f2f893eddbacf1d18c9ba740e0c30145f244ff00998c447d50e3c82bccaf7547ce32dbdfe6ab6f9ebdfb6597d54c70eaf3ffc40002ffda000c03010002000300000010869b267c1be46479bd6ce2e12d273d2bac4ca579af5d0420914b2609a3932ffccb7eb1f4ce34b1c09d59131061cb46717a486ba24aa8318526c4b783dd299819dcb5c6749a9922ab69f84009559631bb436e176d67dd75d5947107964f4e5b7917712d1627611d86945a3687cacc49c2cf36e2c314ea30015bf1eb24a967b90e223325f1029b0abe1c4d590297bf5349c45d6d269349d69073fefc5d76baa0d7682553ef54fd0f49ee6fa9fac4340a59612b49b446d8c485b7a26c2e0f9b54058be4d42dfa2b9877264ff041d59b5d24966597df772f10e5f7800b9f67c4d46e0260c7d8d4f575dbaa88787c7d803f028f966ed388b57840d38a58e96de8274fa8c85617540949829d5c6d445d6b3d5c88ecb2e3634d39f5df65a65774703838e33eac23919041e898eace06cf1288641490216cf7dab4371e367d1ceeae92b8e05ebaf87299c19c9f617491e2d634e3c7a391fd1d4d2da9d79e2349871a0f73dffc21c0f80aadac741f3607c6be9cd6bb02b00ccd74360dc11cac50609e8dd2bd6f5d66d9bf7c7a005e16f3a5099d0f3a7f7328d2f3fcd0008c4815e488eb4b1c89271c2bf4e31e404a802296015b0e1d51cd5ab285573cfc56a6c049961c10ca5c7a53081c89f7765395fc34ef75880c97efc3ba55da73a2543b27c1cb2c04a5d8ff00438a79c50cdad7040517b905f19e60e820e91dd97bb9ea4cb54792e6c8d74d46fb24da7be61f4fe22c74b7d2cad5b4519e40c8883686bbcb3c2b42ce2e6890fe521c2c0a8402fd2df54d5637159700af1bbb51c92849a2729e7dd28fee865e4b4189a3d2afe69c250385f0691fdd8ebe9deb4b223c0a8caa997a6755e5e6a986825b0fb3e0cc159848a20a2a3659196bb250e07dda2ca79edad6fbfdb62ad4e9cfc7894b7507a479520d7eae6b2fde3fdc856bab5ee65b954582ca6b8d40fde08bff00cffc3d8282264245faedafbf88172b1db2ddd205b4dddc733460e457f1e29dc048fc582700a42d1f1b3931021ebf472a8beaeadfb925eb6462f890b5f37d0dc656b882bbb3c1d7b93226682cf29c45bf9db4febb18893f1ddc0449a8284b462cd500544bfa440dcda899f379386b34e87108307fa24fb9699668ba8bdf57457a78c36046069bac4b92c2ad5316c33e3bc96aff0054e1bd907e566e30fe289cfed2594f49cbfa926839b63a3d2523a5a153a965b47e868b66de3636dd907ed6f8dbc8a9e08206a6cebd1005c40c36e2c1f475b880a6ee7399503447eefa2bcb727a3cd5b9c228776fb84b8c8220c6a646145507e3cb3dd8f32557dbafd53651649f0a2eb2851f5619ed1838e15071e9288f27614161f9de0588810b1303016a7cba355282074b09381a8c94998838edf22e7867b8e34a0037d74c53a60a596a60325078e3071a2960e34fd7df8af3be55368033974011da2204371a79f74ffce795620620b84e8a7299f2c517aa068f807b0f3e59304699443472e7b6c995857ed3a55507924e98e942cc6d2aadb379ab069036965dc7d5fbc72ecdaf33a387145bc4ace66adebadb56cfcacb465f9a2ef7e30f5217b2a9be2b17a668241bad4528c2cc28da96a36a8efe72ad6d1515fa5d9afcbef62d5f46c899062263cfb2598b432898618e2f21b357f9b676c6525fb0aab0b65a0eb5d73f3944d1decf277bebf1a3a7650b0c85414127af2ee786d8d2ba9d79fdb34c0c0a057f1f3273b81768cbbda254ad847e6c708de023eab1b2ea103021ae2582dfaec9ac8f75d0039bb8e23ed1a1521ae7e619a565e284dc3ec8924700b8ec01bfe888469ea3f325b155b62627c2f2bbcddcbc9ddf9bb6db51631c176199fb3a1305162ea240d078332972044bbb08a16394a5ba1a16cc89049fa706f3addfa96d5a6aaf19c5490deee83c53c12d96c9fb0cbaff00a073528ca692a3c97f5065cd497484b0560f6a8befd4025b8493ff00839b6258c71c5ef28cef554760ee7f629129938599338af12bcf3e718dcbddfcef696e5661819f2b74ede183c05bcd813155cf1bcea199eadfb747af125362acc624673188f8cc3564fd5d5b1bb84519e65fc2abd3ce1879c9fbce3ed3ef3163604513c1e66d1030be49c2fe0854630c667bab329de54fd44c2fd1870e7952dc75f9a77e76dcce27f3e8805372e166c99b82a25c2be0e3bbeb1e347d225af97cd6ae65a585aded7cf37ce7e9a35b9b25d10689e52c5ab4155bf5658901787dfa55b0563a453796533a8d5ae80a8e9e7947e95d689a7cfdd1f3cf3e6bdebce14801e76fc8df109b31abd5d5d71eca880e9bfac46fdcb44fd8c3a89f963753eff3cd9876ed9a31ea545b443462ebc7758c510e341bf56d2e759828a10e3f9fc92fc049c74070f9eba71bb741312a205b9c5bb49a22f10838df6590b9afb93765e372eae058233eb6864a61343fcbe2a1f9f1a7bf458dbb4c7afaa1d17a119c3a268814ee80a9dd0f340247340292e55cfccd98e6eb74d9385643e7ef9b97f5202000a0ff00898ba39efac9b06a6a2387ad849ab63fdb9813d1e2b750033e8116e62d1de0d500f3c3285a7daa47dd3aaf6ecee24881f4977f0fbbefa5b7d258c42638cbf76837df71ed0d7ebfa03e5a52d964efd9fbeb3e159eb54b26a136ba196c1c60cd087a666fe5561863617cc02bd5959e738ebf7e62843c32621871492cbb72dbac32b37f9a5396f4e24ca2ce6aaee602b23bb52abe413684dd5e3cb14538a0c345d6d41483876233cc2564da6f6e7cc2938e10830b9c008390c2edaf04c9a4b44727cf8384e96992c8a92aa594a4d19e000a4829898028236ca49928edad2f38e5ef3c16d1c37825ad067deec1a9d2152e1689e102fa498e0b02ff0036f74e327e2410b0d7ee47063f62e792d6541a049d61e78bb9f4f34bdc809c1743c6dff5f57e88ce7ce48a210b2b44a234a7925a943c434214d8a05ad537f2644a7cefdb425f8a2e42f63bb141b9a1c103f12eaf42d946917390ccb773645872ad6288adb2c76bed98b3e19d7e2fb20fb4c96182719b1e64f1b14783452f1d96574a8f0873a9073a6b1997da2fdd62f74f8ec9522bf31c1eebec31dd3c15d72c74dfc9ea92e2a63943cf45df8db487a28d7a98221ff1ed5cc627fde45554ed6b838f95cede4dee7ee7f9481137f0c3ea6d9e573ec3ae57f74d34fd19c12639a18227441625da55d7d97fb5dff945683aca92637cc1091b95e9174b3b598d3445b262f69d920a7a12fa9c2cd1042a581d533e96caa8668ab9629a69a98a6753865513c3da687f669f5fcc18241a8fcdf435ef5b97cfc5808c9fdb2f24923bde578349831907438e8a80b2c41669deb522dbe096e92e94df025d25dd8a6cd4ebff00e655bf77f5ff00ed045de8936c1d9a339f674c6b4227f831519be1af497593b6fe3aa0513159f299bb1d677e4ebaa7820d2119b61469873b2eb5718b63c75866efe79da6328f5aedeef9fb03106397916e62227d1105224a6ad6ff00f116900311a1de7e18ea91f5b07a4aa48ec6197d641853a676240b5bb1e0536b386775d3c00e7937239c1e39aca4acf9821f9e5e0cba34cbba6ad39144d79e5f4ddeb22c58cd81138c9239a48cc3196bafaf8acca2075e369dc669b4d16c0279e90c4a157f8d22b870cde33f5e0efcc511718254a496493d85e96704910961e5e7bf30f2c530ca66ce90a2464de72e6ee2eb2fb568cba9c042edb0214197be1369ae1fe955507daa0a630f35d67d14ac4dcb4585e60ffa3ffd6df08e628714cb478837ee0851a4e646f9d38936554be4aa6be7a2b396027ee5b6a2407f486b8ae94d5956951ef8a241c45d9288718a31f1a53c16b7b1d90703aa899e6225e3bcfcc3d581107d9cc4d87539d076f77e8b1aa35711f7fdcc922db73616f451aefa6d12c316397f512c7d891cddf18b89dd8ddabde95327c953b7bd7213ada2e1495ba8ff00d0d73daf92e7c6463d83e9b5e639a11245381ead205a485c0c94cb16d5af2d52d0c96619ead8b48af4248c75f60f24dbbabafc7c5810c050b8045b267bd51fb518789360b12d95d3cc6f071ac014278efaa1d47a681e6846e05b0ecd05a2f721061a3660c98dad7bf3ac6ecf6641dc5f9caa55108223a3240f3dfb3c2d881e4895eb8539d5654e00242bd4284085bc83c6892234154c3017441c56791d041ce6c314807added7088976a1c7a71989f158f55015037f84007b883085f2fe16c65ff00ce5032febb4b8a58d37d2f7252897fb8e99045e2e9e860d794d6dd119a309a5f94fbb38cb2ec6f740465829062d3bc0d5474268707513a0b6460ff00edafb6e9d133f24b9b90b2e8ae9447c936c0f1bdda82da8bab842f7ffef0e130625b3a31d6a6729f5566b908bf2dd1dbe27861273f300c07e6f7d0d17776264b4fd05ba1aaa270d9259bfdcf55fb2438d3115b15d277628cb503e3aa42c7df2a2a05913594cb6b52eda69d3f675fc9c3dfb1b4909014d6866aff00aa7c502f6d3e3a4c179f33b68dfd53f3be76c19711713eb18ff2eb5e47d7a17e66a90d0970e7f23ca99efd2bcc1ae3e36dc3530ae1d99ca5d72e611dbc2a9c9c6df92b4d22139e5f11af5ddfa3b44f2cc74b244b4258ccf355a54ac5502554b9c146d54a0a18f6e4a5f911996135652ca4e5e5a61c9af7b41e73e2edd72534e9cfc380d50a1d1377149fde773e22eb1c543dca183e58bd5683db3566ac38c938c76a2c3d5681d2c7d9d6f1ea300f75f7f48fde2819c987905e12270cb9ef16cd3247395be7b996bd76abddb1b58d20d0208a86ea427a5ace309156c1f2583a5eb91f738dd147a85641adc3b23ad185d819e9659bc252b737fd12472f857456650541ea4dbf0736223b79957137d986c7ad777b8a76468fbec66344d6a69560c4c3d0b2cbd66ebaed7b4bfb9aaa77e0629eee2fe7feff00e7ed47d53bcf418126bcde5f46b7ff0035cc510e46e11bb7823d529643731a968409426f50a2d94d7929ede7affb6cd86d1a7b07cb18d7cc9b777e4ad6a4da43eb7509c7a3990498e7edfe493783682dd6ef0eb2fb10e81d31a9c136ef52de65b25d1e7be384189eae5194d3d33b842767a795ec72fb5f342cbb5dca1cbae833c09be411575ed635c6df0393e963bc541965069cabf1df6482431da45d82a3df4ab6795f7a0d1c9ac7aeb16bb286a38d9c7f5cb9c48c08a72584a7b1f626d438c51d8af3ccb45f15674f1f41e011aafcdc61c51477483236d30225d289bf846e3cb945d991897ff8814f71f55755dc50dcdd5a62b4200a03f87e0eb059ce9fb9edf81426a0caabdfc8846291389014135c2cc2ecbd8d07ef4cb2d9b9b29e4b76db787c073e331b4f70d9120989a7891ab473b351817aedb4dd4e59bebd70d5cff353b951d8d24f2e972dbd9b865e52624a3476988a5db84476441e8caaa677648201f95af38169d80f915cf0b6fcd85d974afc74fd5eb59f29dbe9c9500ad15be7ad12c2bdc9b2d37c5877383a39ec32380487da485218ae03d77fdb73224e24a99e08697ab36acdfcd39697e4fc85156f89de75b12f1c03934cfb1af13ca9e15259ad2f04d3171b764e340d3c5fa7eced950409fc3b5d857d0675e54b717db0f2005574127a26afb5601cb9f7e57dcd00c3523dd5c00fdb836c7ad55bf9b1f41071339601e931f16aa82df892442b8b78191c913bdee5247054c9eec59c536e3ac2c37ef7f06c7edde7fae1704f8a144ad02bc7af03a06d2c92fbfb361ae6eca441ddde71fbe7812ef5b9a72766f17da95fbad8dc38c433f83fb4c9eeadd3cdf9fe8a1049843bd59145ec63d62e6924060160570cb0e779c6ea1e38c759e4fd717434ad5e244400971e7d4bb50f9a448f89ea71d067d8418630c5b7bec797d4cb1e536c100d06d88e115f90bab83f52ef425e6a6c9bd06682e9399a17b3fa09b3b564de698e8349e49ad534fdb5085d75f0bffdb495ef2ed5d705106fee474936b3ff009060590ef452cc71606ad70aea3ee9e22c89a5610fd48210e84e5a1a85d96f5df5d64beef1b3ab5a5c24117af15659f79ed418b41fcdc4aad9d51ec0bc96c2e9fd0e0fcb5d3b02667e4d39d5cda92eb8b956c420aa999e1cb8ba67228dc74e1e9d73bea90f4e9930bf17d96bad80597e5b4df43c8b4474499f56a434503f6bc62983c3fbb01c792f2dd963c498ea84df7ee18e840b4060092d853a9e2c38868781456586d7c794756f400146164337fbdbb6b8e90f14f00cfafd01a73807d1efa58c92321b369a9f2889e1f423a1ff00815bd66c085785b9222e7cac3dbf590591712efc738b99fa46da706a78f98fbee14d98d95b94c6eefe303722a76b1130783c889d41c8f930dfb20c30dca2556f42802713f91cbda2dd97b115a0aee639ece94145b0b8ee31f74deeff007fedb2a2327dd2a47f5368b3eb977693e35308f9a408adbcf1fd1574b8e15f6d9dcb955bc056b7d629475fd5298274d35ee242cbe5faf7037365ddf9c35cb7d9d88443a1175b965dea611147aa8990496d26f8ba5a6cbb1ec8a9d879c85adc19c27ff45e40df29d6a617a4d4cea668d5343e0151424b5f7e73edfc1e1b7da8f3966963c28ba3aec5a1f2ab3bf3b026236a33e75a3be253ee05895e11e0a011ee1eb911d28f5d7775aa485ae7f3cfe579edbabf02ad1b0257d7e53ee9408ea456c721ef91368f41526156c4d9489c2f2289e8f64f9e33e05dd206da53dcd73fb34ed3ed14720aff004f0c7377365f0a2d223ea90a05c0175ef51414e5e6e6388905459c2123d50231b0200ef8d04b6a8cdae06cc731488a9a134ef7eff304d72ef4f421c2d1ffc4002e1100020201040202000603010100030000000102111003202131124130320413224051713342618105235262ffda0008010201013f00269b121a22b0daa2388c1b23a4955892cb5c8d50ba3b2501c190b443f14d5792b3f0faff0085d6a4e7e2ff00e8e3a508b4b52f8e0d74a7a1a89f744f87447f6ed12438119ca1d1e4a6909b8b26ed63565c1a11e2c43748b1e18be2a162f6b3d61fd8488690a2966c4348684323d8d2b2869a236697e2f5b4eb9b42ff00eac1e9ca1382e555a352a526c4bf7158a12a1115192e19381ac9b9a48d15fa2237c8d94c701a6be642dee490adcecd35ca1087b19d94323d613c3457efd1d33cad7253726c8ba459424244a164a0d613e70fe1b4852c59658a56ca3c110d3bf42828c48f421e59de18d0b85b2f1486bf64a2df47e4eaff00fa4869c5d35f151478a284b94244950b144f4fda1a7e79ac3c2cb359d266849b622ee45144172221a678a43e88e6f0c43ecb1a1adab7d7c94425e2d3fe07ff00d29d528235351ea49c9fcc972225b7520b7323b1c13ec508ae9099a5db78640869896577b997758e8649651eb6bc57eee84b087b1be4ec945a79795be0b0d59a5a496d7d8b72ff00a36ab8c5e1c6fac2117ce1e197ca2c4e2d1e2a8f17f1bdcc5bd6121e1b2f09128a689c5c5887f124221123b58b2fbdad0f0a4492655310dbf322c789343ef1e84d8a5c16994bd3db4565ee62da90c596324c421763e86949128b8cb0fe2846d89742ef6b62daf11f631e531f250e1252b22318fb2b9c570c48f47a22f9c7961a4974365fc4b62c323b192ec58892621f36354c7f0a20aa8e76d8c8f7bfd3c3d88b1943242e59ec7867a1bfd2c8f68f4374c449fe9dcf72ef087b16cf43ec5888ca1764e3635586c5ba0ad8b7c85dadf63e50c7b2cbcb21d9fec4bd61b2ff0048b9b17686a87f6421f5f358f178595891110b2fb78d487187bf490b6bc316f63ff87b243dab0d323d9fec4b0cff00520bb229324f93d88975b5fc2f0f0843cb1e12165f621d1a8aa43dfa2b8c2c31162a2556322f8dfd1efb243de8690d34c7868ff5204534ec7f667b112ebe15b1611212176224b144b8584211ec784266aab58adda7d0b086391659659e42933c99e479b3cd9e439596797c2989924b14561df4515c8897487b922b6ac44977842d93e5610b087d662495a7f040433d8d9ec4b0cf13c589358a672739e4e4f5b6f165e2f17b2b1433c4f128a2989618b651423de5658de565b2af0863edef8f621e1896c62d94565145668a28a28a28a2851cd1cfc0f0afde28a4522914247895bac788e167d127c11faa2f96897d9ee645722cb161f4791e4852585b961fed68e8a28a28a28a3929fc9456e70b28f1764b4e5e4e90e2d76b7450b0c62c4fe8f1588b16f43a4ad8f50fcc1493d8e693aa3cff00e1e6bf83cd0a49edbf9e8a28a28a28a28a298d628af87c513d2f6b6a74f3e8799fd04491143552688bde8949c994788991ccbecc45339209dec7a9fc1f98c534c4f0cb1eaff02d57fc11927f13cad8b15b68a28a28a1946ac6a5b19076b0fa18b13fa0b0bb44ff00c8c8e56592fa3111455325d91ec589fd990451e2259d493e84ad9e274c8be30c9cbd0959e2c4c52baf859e51fe443f82fe2f47e27b5b62c8f4325846a7d0585dd8ddc9b21be7c41885d0cf120ab32ed9192485a911493eb2df0356d9189e2cd44445d0c7d90455326b920c5f0317647a596e91194afbcb95763d57e85aafda232525c6672a212f2b1127446698b1f8aed11db0eb0da6211a9f4ffdc29b1c9b12b16d58d4fa3133f32279c5ed7f678a6264256b0ca1219a84444b10f586851c2decf643a59d47c10ed618ddb141b1c1a23269a79d5ed1a5ec46a7d590fb2c2e8fc5fd908584320f8c2eb3a9f45fd895b2a8717d91627bf57e98a29a232a67ac33c53628212271ae483a7b6c93f264712eb1e69242d442e7e267fb321d2c3355f469f6226ea2c5863ed917fa627a357b4697b11a9f5643ecb08fc57dd6108434430f3abf45fd8bb2ac486aa4d7fd23bf53e82478890d5368866b3a9d223dec9b6916c425ce27d6699195322fe164becc87458d9377234fa78d4e991ed1ed9e8fcb4d94866afd8d2ea47b357ea69fd963d1f88ff261085d9ec48f44b3abf45fd8842ed12fbbfec86e46afd45d884b927f691a7d6ed4e911ed1d0a517d3c495a3c46a883c4beaf11450d5320f8f8593fb10e89beb0fb643eab1a9f521f65fd9fecf63353ec6935522d1a8f834bee84b1affe4794c5943ceafd17f647b5873485cb23bf57ea2ec8b3d92fb334facf93bbb232b58d4f443ec89f3068fc3e8bd2f2b7779a353b2189fd5ec7db34faf859a9f6212a252b679af1c2ea22353a21f68ff62edec64fedb34bee858d7ff23d8b12223ec5d635398a1228ac477cddc70a744b53f811154b2d536465e8b449db20b9c33ce429166a764713faec7db34faf85f46a76b62ecf78d5e8d3fba1650c9fd8825e2ffb3c57f04d248d2af33da19adfe4799262ec90c80c5868a6514c8c45b2893511cd9638f02288a1666af295908d2c3191950e686ed90586864674a9929ff188aa5f0b353d63c15634d5cd0b1aa697dd0b1f990bab18c9fd99a7f47fde353a468fdbff001e757ef2d886ff004a191f6ffe106df7b28aded9a8ee43132f83b678896c68713c451c224865328f122ab1e8944a653231f81619a9d223de1f6cd25cbceaf48d37534ce9937562ccfecc87f8ff00f45d1abe8d2edff59d4fbcb62173164ba3a848d3f9193fb5e1b44a7d221cd7cae299e256e713c45f13353a228a25db212f14cf2b1d5f2c6ed5142d4921c9cbb34e36ef32fb334fe9ff00b8d5f4697bfeb0dd1a9f79650880d12e21fdb20baf966392253e7812b766947e35f0bf8d65c44b0e09f6871b6a8aa4374852172e8fca16923acbd3b625492c4e3744578a1127fad13fb4bfbca1111fd89f515ff44f923d6ff78e12b17386ad12d3169c88e989563ce3fc9e48f3565e57c4fe4e72cf597d0bb252f4376911443ecde16c596342e8687cb7b110e8974992773445737f03bc566ce0e0b2cb44abd674fa795fb858aad9335351c5a6475213e53c417c93fabfe85b60c5ca68ff007643af8b51b4d51e522e473b2b14788a28548bcd965e5fed50fbc3566a68f911d0706460c8a484ed6c6b82f6b24df8cf74589f27fbc88ab892928d58a6dcb77ac3290892e04531228adf7fb57863953479a6c94d450b1ef087d9d2236d73c0952da96ed6ff001b24e884ed8b288f68f721708d5574c5d89566cb2cbd94566be747af81cd1f988524f74a3747e5bb12e0bdac4ed95f037b35dfff008d93568845a6859b20eda1fbfec4f15fb17f056e7be72f58f17884af12950e4d96ff0092337efe06e8f2937dd21ea316ab5da134d5acb748fcd47e644f34dac219f88fa7fe94354c8bd9a6f947b17c362c37bd94508af89ef97669a2899a7dbc4fec4229ab638a7e86a990e90f73e50ff81438251a34dd4b3393ba141d59e12ff8462c58f67e21f115862d90e1a1ae76af9dafdacbb669e27d9a7897d98a548fccff0082f190b343957629a621a141a1b27d104ef0f844bb65ca90a7244249a11ecf67e23b8ef8f6863c597b9ec4317c4fe77d90c49db34fde25db231b1c44e98bad9256c4a848649f02d594b86ba127276c4ab0c51478afe094551a5f65858fc47d97f5b911ed0c7fbb7b2b087ba48b3c9e231a587d90921b476c8f5978f1c7a273fe05d89565f08534dd627d1a4b9b222f6266bbb9ff00e6f5f2af9d6c5b1ee6acf147822314b328a678b3c19185762c21ec974789e2c5e6bd9173be48f24fa1a3ce6732ec49242e111e8a46b3fd6f165ed8cb1450914515851b28acd156c6a8af997ca879adb65e163c6c7068f16245727487c8e257384b1e9e35b51fe6cffb3ce446c5d6cb1765d0a4eb3629a132c523c8b45962626368b459626b17f15965fcecad8961617437c09d955879a121219e8f44b4d39c9bfe450450b3658a58f4212438a271a64649925444922bb16de909e53636ecf367e6314d9e4cf33ccf23c8fcc47e6c473b2fff00e8b7fc9c916d358b2cbd965e6cf243953433cd0b5521493da863cf90e45bb2322ed8df0c94f86c7b6cbc223f523883e05ca271b88d34c4fca38ed0fa170f6cc88f0b81f650a36c4b92584897112f1425c33c53169c45a71169a3c11e0871450cac725bfe4b2d8ece70e4cac2e0521b690b50f26799e6790f50fcd89e71fe4fcc89e4acf342d4b63d4e3b2526c7f02238ec8ba6459d9ab034df358ed322eed0d6ca3b42eb2faca5c0bb1bbc449cade5418d28a1210859ac4badef2b647b353842c3228a44df2365e6cbcbc3cbd91788bc45889a4d15523a62e2455485d8f158e989f188f64f2fac7bc2e136762833c521cddf0213e7364592ec78975f0b23b34d1aaf92384ad89703e11224c5fb04c4f8131313a13c6a445ca22c970ec6b9b5b647fae34eec94ade15da272e687d9ef15711462894ff8ca1778589499195c465927c617c0b0c425e316c7c91191589b1937c89f1bdb2f3263db1c45e20c88d5935e2f17686f084cf4313a1ca2fd11f1a743d3fe19f96c8c1da638feab24966526b85b238f785c31c8441d325890b633de5091448d35ca3565c67b12e07c21bb6c655b166f63165abdc888bb10b86265f04e36869a3a8d9f68ecf5b1f102cb7fc906e9bb2df22c2da8f42ec43eb1176289e863f8622c3ec84691a92b931621113544d8fa244c5d2f816e631622f925c322f10622c9ab13ae05c3e0788b16191564967a851fea2eb3451584b82cb16290924f82c4c63c7ac2da8449d220ae44e4a3167bc22e8be0ed937c8c9917c2f9da12653c5da3a798bb1dab3c9938fb45962e51ec8e1f445d126af09125c12ca28acbe238ff006db658aec78f42eb6a1089bb6694695b3567e4c58476c931f111bc35655217c087bb82d22f913a189884e8e1a24989f2491ef178ab435c1c58fbbc29344e5544a4b0b636852a24ff004a10bbdebbcbe8f5879598697b66acfc552c21239e06e90bb3525b1887bd66f3637b2c52e4f22323c8532a32434d0d09f0469898a9a269512ecba6594ac9bb3b1087d61e65d470b0b6aef7bca8b6460912978a24db7848e4e9129ab3f306f6af816cb189e56561162911958a49924b1d0991745a689f63c2c2d8a2280a07e5925558be76bef2cf5865e50c8f486fc5129793188a1cc94edd0f0fe6b42cc85865e56c6f821269898a586b164644dd96216d5d613685262931bb423d8b635878f58bd888ab91748949c9e3b3844a6364afcd0d88797f1320ae42cb161efb1916793149d8a45e29917c92e897a10a4791e6be05d310bbdccf597ba0a9592779ba25265e1fc2f7b445722dccb1b16d9ca9a20dc9bcd96278ac3c50cac22c58a2b085de13d8c7d7c0bb45db1ba2c72c3deb6adabe3ac2db38d908d5ec4c72f156424dbcb78587d566c5b561f4476b1ed486446c63758a1af910fbd8be462db274c8ec44ba2095e1c4e6f165ed5b9ba47acdadb4b142c4a54292e8b2289fdb2d8fe17b690d0b0b0f7b2b62c3175b1764ba3495b1aa3d61a1ac2c7bcd89f23d8ba19784cbd8f086493721c2a9e226a76278bf89e191cbca10fe0f7b7d656c668aa8b1f47a11fea558d3cad8b2de131fc490d1449611a9f1ad942e1978bd97f2a1e2843cb34e54893543eb0fe8c8ca99519ab1c068ad8b6c70f7d1597d0fa797d3fd8ac5e58be094cf4b17ce10f7212b963de1763fa3c42545a638a1c0712b0b17959456522b6b1ec7f1b13c5ed5862f81c2ca28a584498b97b51075319ecf587f4788974295a10d0e238b2b0d656ca288532b73dba9c486e873a3cc72a3f3109da3c8ed7ed96d4495901ed873318bb47ac3fae161119d09a6561a1e9a1e948f16bb584b143e1a212e6b107faec5252450eb3ec7b7597e94c6356288e367e5a12a44d1a4db8fef111dda71a4317d9619eb0859b233aec4ed08647b268a4d11a26844a362e25c9e89268d29313def3256a86b7321c3f957ccf096c488c7d8de23de2585843cb2127646434224ae22e08f0c93e45c3c4a247a26b82314a845968acbe98f64d7ea2b6b223c3f89618be36c4ed17484f088c46e894ff55088f6b0d592108892177864444656b09f14490c9f2ac4ed0ba1a10d1e5e2c8f286425cb426521c5121ecd45d3dfd0ba587f2adac5b18c893645ba13e481d2352669f336f10fb219e898b11242cc161313b1768d4431ae04446219a9034fea32aa49e2389ae47b25cadecf42cb17c4b62c2db5892b231428220a89b35df07e1dd8d9a4ee43c4c58892223c47a43c4254263e50c43e191e9658c8743189911925d121ec92a7b991d8c5f2b12191f81113a43351292341558cd1fbe3d0c596450f0ba1f6317641f021fb423523cd91e8f586f83d106ee878444be07cc4921ec9adcc8ba63ef0ff0070f0887632449d5b346717758d1fb63d12d89618843cc1d31744fb4312f28b4254da6447d0ba645a22aa578f6242174244d61e5ab5b9e1fc0f6dfec20ff52c4bd9f889541d1f8517468f6f0fa1f5b162444b1ec84b8a26ae27688ba91249f22c25de22ff005562b088e26b818f64bbdaf0baf8dee44ba17c4bb2ec9f46b27274434e488ceb8341db787d0fa18b2c6216d8ba62768e9b1926ec5d89e251685dada889fca2687b3516f8ab25dfceb0c5f1220c6ac94698d0a0d9a0a9bc318c596316f84897a1a2484842248adabd098fd335171631e64ad6f892f856e587f1a627445a68946c6846976f0c974310b0c7f0262e50f11e19d089ee421723e9925b64a9bdd174c975f0d8f7bdaf165ec9499a326a7cf58946f1a3dbcbe87d085863dc9e62c9625c3b1898fea2da84447c326b91ec9ade9daf8589da1edf43daf342451478a1222e9e25134dd37b1f42161fc0b098b9285caa3d63fd19177bd0fd135c12d935c3df163f861fc125ce3fffc4002e1100020202020202020007000105000000000110110231204121300312324004054250517181061333536191ffda0008010301013f0014b143879243cd8ee5788ec6a2cca99f37f2fc33b78f83f98ff2cfe65fc37db2f8be359add21fcbfc6fc9f360b3f81e293f3e1a3f93fccfe1fe3fe1ff0fc1879498fcfbaf9d7178d893c46ad1f12f25a32f28c9f8718af22c617bd70a94e72c86f8ab2ea18f57c1a47f13fcabf84fe213fb7c487ff0088af8ff8bf8fe7f83e7cd7d72bfa3768c2f1c127bafde593c598e56a3312f0245d1f713fd1a8be393a4394b8697913a8635e468a2a17efbc6c4a87d0d5b8b1b3b1368597e83d422a5e7436d970cfb28b3423aa626d1b687be28bfd27925b3ff5fe1ffe4c7ffd164b2569dfb9e86f82136998d35ebc8c63a8438cb31b6e11e467d450f7626509f4c4fcf063e2a2fd96678fdb16bfca31fe4df12cbecfe46cf8be2c7e2c1638ebdd7c198c63934daf7384646590df167508a2a8b45df98429632bc0a10f737ea7fa0dcf72b43f0c42c93f6b8ba33cedc54bd0f52ca86eeabfc98e2dbf23e8a342752ca8508a2869a3c9f62cb2cb7cd7b98cb851729d18e49a17b7e4f90c5dca87a1690d45173a45cb13a2e56e118a3a9690d14799b2cb2e57b1b9a84e1950f42d96d330c935cbae5f265486cc2eb8a7d43e29d997463ea42d170996310d78122abdce6cb9622a179654b3b43317427ea664ed9f51717b9a1f07b42d8b8d4508c65f0c54d14762e4b821eb8397a11d45d3e196e518b17a73758b95c31db1eef8f52d084f9b843d0b438477cbbe6a1f072f8f50d5216a10c5a8468c72b7e9f975c9ba47f9ff006316b9243178d9d42e2e133ae08efd2a142e37e9621b1439663a188c5f8e4b51f3558cbf2a18b6357e069fd59e6bc98af115c10dd22fec26d622f45098b2545c23be2cee542e0cb972a589f984da36c50e1e842d4231dfa3e4f2e325e118e942c4faa3ea8fa9f53e87d4fa8d1f53ea3c6d0b0a3ebe284b85734cee2cb2cb9ef9dca972a1c765f45786254d4b87a3fc4ad8b62e797e4e323012e08b2c73e38783c0a29450d4515151d7e8a1b2fd0fa1899da1431f5086fcc210b8db8cb67621188c62737efb8b2e2e1fa17ea76ca9431f474247633185a5cacc870853d94515c972bfde7e9a170684a14d8b2545a972d791aa7188a19dc243e7dcb6de85895cbfe94e15fead965fa14f7cefcce390b45782a3243d42fc853fd42dc37e9624245287ae09145395147d4a2b8515eba129be3737371717e451f1bb5c5a85f90851d8a71d7a1ed1d8d9651d4a168bf3c6a2b8570a171eb8bb2fc08a286d0fdc8f8b4f8b3fc98ecc4a19d8a188e85cbb47631439432850f85c2d8f73d09fad190bbe192463a4228a28b69d39487e1a848c95423e2d3e4d53118c3d9fd534bd2bf2434533c8b52bd1636285f90f6287a17ad190b6e50c5a86a9084ccd26636d463d996f1ff71fd48cce947c5ae28cd4210f62fc8514a1e85c97e535150a5c772e142d9d8a6bd8f42db943108c8c34863d216f2118f665b50bf2467a6748e8f8b5cb316c50cc7f27fe8468c9da3a4e1725f970e87c2e7b47632b92f7bd1dc23a3b50b667a31fc50f863a63fc942fc919e9c747c7a8ee7a1c630cc7f27fe850f47485cd7e5362d0f839ed434d55a85c57bde85b1af0cc343d1db85b33d18fe2b8e3a1a7f650bf247c9a73f17e3c1e8e8d9d98c330fcbfe4b4d8c62e4b70e10e3be58bac933e7f957c954aaa2cbf10bbe4e5fa3a121e8c55363d0bb847c9f8b16971c7429f927e2fc650f5189db16a198eca848af42dc34543e6b834285b7fab9685a847c9f8b3a52c463a1b7f7ff8262bb3e4d4fc55f543a97a84646328b96f92f22450b2f6a1f0d2fd050d8a32d4a3e4fc5cb4e84ed463a1ff00ee7fc2cc76cf93aff6a70fc57067621ed0fdb82f0550fc31af26258f9dca2ad707fa28c8519f514233578b13b4243d18ea31d0ff003ff918ed99ed7fb3b198e970665b313fa90f7edc75458936cfaf9b9af5a65fe8be1d9dc55b1ae1f55193b95a1fe6ff00d0b663b667bc7fd9d9463a5c199e8c4c7ce43f6a29b52ff457a1fb2cba45db8687a2cbe1748aec4bc887e5c7f498fe2b8e4231db70c5e85c31ca98f2c58df27fd85f4242f03335e14f72c5c96971cb67663f8b3ae6c5a8ef85bf43fdb7c918e371e0cb7eb42dae590f62fc07eac514570a67d4fa9454d7ed3e485951658cef85f25a12f38f2635e0fe9431792b9d31714365972e1fa17e951457043143d9df06a5f0c3f25cf2d33a4330ef957baffb2b179f661f947d1a56570cf4c5a5fdc2fd943439eca29c2847c7f945da8739fe2c5a43f3c3bfdc5e87d0b50fa3a87ed4e33d0b508fb7968b1b3a147c7b7cf2d0b48438486bfb265b3a50fa97bf6a8c9f83154942155b1ab1ece851f177cd8b5350ff00b128cb674a1f52f715c3be48cf0c71f29ec6e1898e119e99d0e3e2d458845090c5afed2ffcc5f07c1fa121ca8c90b42d9f26873f1eb82962d7f694c75fa7e06316c65234318ce8c3f1848a14b2b85965970d89f16597efbfdab138728b2fc45c6dc63a42e6c4570a2a28ae2ca2b8771df153457ad7e853b8bb18b8395b3a62d0a14d4e99d8cb62c99b47d99865766427e04f5eca1a9a28a8a67d594d229c7915fec2e1e4a868a84b95707b3ab8c979198bf2668c22846d27c5190853dcae09150f636367da8fb170cb8b37c572717ca8fab3ea7d594c498f1f02c4c550bd3942321a854d50bc5a87b464a84fcd7272a10e121c2145c387c32f22842e6b963be1a8c3957ad0d71662e98d762d0fca3788d5170e10f729715a1f27c596362953e78be193f0cc14b1bf22d885cbbe3728a9c97997383343313a16e1c23b1a1a9e842142e0c7c7143df15eb665e452dc62a17a9f050a33437539284c5e54553119214770a1ed458cd216a57070e6a18d42850bd39b305e78310bc43170a97c94287e51921386ad1518ba84d36770bc3e0a3b97eb70a322c7b8451dc2e087c327b305e25b198a108663cdf35c32c45e1cb438c595e531d464bb2f8a73d9fd53dcb9a1a8458dda86a17ad197846da5fe38a108487a311fae868422cb368cb1a17952d42462efc195a62cafc32e87e05909f350f8dc687f8f27ed467951f1e34adedcb8c54250cc763f52e78e8cb1b1269b9709d38da1a6998bb1ab435426fc099da9a45598a87c1a6d0b1f0218f5cabdb96425f7cafa421ca518297fa550c6ad0f1f051f528fa94d18b365342cbc8d2c90bfc0a316b2d8b0ff00ec78b5b422aa18b70a7b1fe959f6d8fcf84255c12123ea2e0f83e6fd0c439a28c90f1316d1b28568f0cd31084cfbb3ed8bda3c39ee6cb17a7af4a18bc98e35362c4485ef7a131f3b9be396365152f18d8bc0b657050f854f5c7af5e4fc0edb31c6a762c4a18b8385e962f4387c50d143454b5657162e098b833a97cd2e593f2253425c1735c6a1fad0f8ad8dcd0d0d4d0868728a2bc8e3ec270e5fb7a12948a17b132f8b7c9f1465c56c7be0c4ac78a48a3654351463a96515c1c3f6b84243f7543143f5dc32b862bc0e542d996a13a3c35c108a97c10fd2b8e2ac6994330d0ff41cbe15eb738eb963b3e462729f1c750e1ca1f370b8e2d2c4fb43301c57ad0870f8212f264a9fadca311ef823e476e1ca65cdc5f143f4ae1636270cc37ea52e10f83e1936f9ae4a171465b10f82627cdc21efd56273b6210c5b9b87172a5ca43d8a286a5f343d8e7b10f5c9ba8631c21a109b3ec269f072fd163e2a172b1ca1c210d0c4a1a9715eb6ce84342437e254b56ac43d72a286262c859168a9a12e2d89f9e0b63852b50a6e2e143850fd6fd486cc47286e1b4b110e7a1152f12a6cc59f61350dc36265cff82c4edc79852b52f854afd07cdca8464a50e1bb873d08ea287a8fa8d462ccb427e443d88cb8330fc46bdd5c17e83e6e546264fc4d96362872a3a8467a3151925434286219d0f515386c6514fd28af1c943f73e6f83311cb85e450e108438c7667a318cf4a1aa621a13a6210c7be1739294da17142e4a1feb5150cc7833b31438cb42d0b62168718ecf9748c232dc515474cbd189d8cc9724750cd98bf02e29fa1c2fd67cb2315c32d0a1087181f26d18887b96a1aa317392e0a1431988b6c5c17a2e57a97343f5a8a8cf5389d8e3133d88d4a1a1c284c6767651a63d58a18cec7f918be1df35eeae77eacb508708cf528ecea588c9c29c94518b8635e618d1d1dc318cc9dd0a17a5087c5705e9bf5e5a3a115e2e119c28eceb823385c1aa85b973d0d70738b10b82e6f8ae4b9af5bd1d08b708cf4b83e28622b834385c531eb838718b17042e6bd4b9a3bf5b8438cf4a50f8a85c5992842870bd388b8ae2a10fd2b8b85ea50c45c51f2694ad8c43dca9b1313870f6214b17a2eaa31e2b950b7eaef83e55c1a943432a138cfa943dc394b8d89cb4214b3bf43179462c5c172bafd84352a690d084cce50f8ae69d8c7c59d8f9b13da10bd6bd4c51fffc400431000010302040404030605030402020203010002110321041012311322415120326171051481233033425291346272a1b11543532482c1d140f050e16392a24473ffda0008010100013f02c9c54cb94d949574423e654c5bc150aa62fe094f70525d660547051779434b472855eb8a4d937f44d3201c9b583aa16069b755535693a7755195009a9f9ffb2c2b8b6b07958904389016b9bc42a78a7811b84cef4dd0862bf2d66c7aa7e1e9d41cb755b04e170139a42643ed02569f582b439cd27b27be6ca8e26ad032c77d161fe2b4aa5aaf29efd16a69b832b5045cd42f962db32aa2f8780d1eab180556fb0ffe047ff08f8a9d473364caac7dbaae640e677ca15173b5690e895872ea6e736af5d970fa829a60f62a9e246cefdd5db709af040137c9ed83a86dd516e923b2c5986318884dde3babb0bad129c22105876cd5bf447bf45ef936003d539d20fa2a9563d4a9257b64c613be4514d3f72f09a7268fb87853098ef0ea0b8a132a82117a8250a6b4a8caa1b260972194ad49ee548664c27d4baa7857d4bbec1536d3a2206fdd35e1dd7276ede5944c74cb6caa343ffa4aab86774f30dd5278acce1becee8aa5234eff00bfa2684ca9a535d4ea808d1a94eec29b8c20e9a8d5c0c3d625c1d755305225b71dd542ea660b7f745e730a9d4ab4cf2ba1371dfadbf50a9b9b53ca53584655db65506e152a951af04765c59dd1fc477bff00f813f714f10e6d8dc269639b2d2a4f540f652af90f44e2e7192995decea9956954b77458e1eab0b561fbdba841d48bddcdec9bb64e686493e5dd57a9c47ca69e7129cd68717faa77da901bb809d2490994f71a8058768877ecb783d94eabcd9482d3d00552bb43445cf64eacf76e5141130131bd4f81e9a50fb870510537ee61546263a107a7545c65c47150e2b84b0d57d530823c32ab15496a5750510545d305b22e845ee7ba1aa950651d3ab99caa8d5e67435358d09ad6b765d733969e6955ab536b9dde1608d5aa6a39e7d9622968712df741eda8c07af6ee9d47867f95db1508184cc4168becb92a09890aa369b46a63f65431b16e8ab330b8865ec554c016be247ba7e02ab53a83dbb84042a6e1375cadfcb2d2aa1d26586152f88d766e750f54cc7d27f5d254eb69832b10de64356811d375c45f9d42223ffc40241909b889b3bf75d882b57743395ba60137053711a0c4970f540d3a9046e81e1cda4154b12e1041d43b265663c58a2e0aa61693b9b5690b134387a5c1c085a65a3dd4415329f104755447e5554f0dae8eca908a22761755aab3cad5b952b74ea81a9af93329b541dd6a45eb514655c26bbee5c134c2067ee4dd3f950a8535b2b8616819b5d0561b109ae952b5ae2292570e5369ad2a3272ea86c9c604a651a958ef0dee9b469b59a036c88b27d36d4680e4422613311beaee83b50956dd711ae94eaef35a9d3a5defec8aa985c3c97b814d0c60d2d1085271738bcefd13e9f06b49f295461c1d49f79d955c1f2d9169056e15064d3de162b51afee9e1d4dc5a536b382a788a754697591a750790c8ec8966cf1a7dd3b0f44ecf55293a97a8eea8d768f3ac5b985fcab6529b51ecf2b884710f779ae99545d3ca1be647ff00896b8b764dacd71e6b2f65a86519071562858aa7880d71b6ea69baed74142a3e991ac7d53319d1e1729eb2168a759b04414fa55687b7746a6b44e9445d30318396e9f029bb575552b92348b0cf501729f590d551d0d4f6ba9baf629b5bf526b8ef364d68720c0b484f6a087dcbc263b39f1b9b2b4c14d287858e82a86210e65a1685a467d337a6a952d351ad76c9a2caa6ad274eea987860d664e45427b34b669b06a444b6364e7369b40e88b35308ee161b0c69892798a2f68dca32aa39a2a3f54f96cb03897d435356c0d956a2daad82a5d46a68276362a9550f65f7eaabe1dc5ce70fa28809d59cc6ad7a9e24ac7799a7d32d953c4d466c537194de22a351c35375e9ba154e253e57894e2db5a13bc2320a464eff00e69fbe65573131ec70deeae1032a3326f97b2e33c754dad7d932adb91c9989e84215dba62af5d823a64c27f49da5377d4427625a3ca11a8e7199ccd56ecbcc4dec9ee9d932a398f0556ae6aef935e5bb2a75c5bba654072704e09bf7129e56c9ae50a3c709ed53098ef1537e92b0f5a478656a5a96a464a0dc9c79d87d50360b5734788a7d3a751b1eaac02a951c00d0265691b917562ef65528b6a8e6dfd153a54f0e081fbaad882f735a0c5d6230edaccf5e8553716bb8556dd8ae4204aab85d7e577baaf42a52e62b0f1c46caf888102cad6ca3265473762995da6a07bee9d4f0f881eaab606a32e2e1693aa0a76f94a911ebe127ef67ff00807ef0f8195c8b141cd7c4152e081046f74065394a842414caee1eaa0d476ad732b907aa73e6ea49953fbe5b6e9f57b2f544181ea9cd8f07641b3b6e995883cca8d6d42e8a2326e52b52d48b95d69257093a9a69829a51f1ca28b53537c546a969542b6a52a5172d455d695a1694e706a68ab5cf2d9bdd6268369d0b7458774d105472f29cb473974ef9d473c5331e64d24521aae616ccb37e8a91739b2e642fcbca9d36ba1899c40a605baa2e0d58baa5f606c8bb6584c5df43b6e8b1387151b3d531db53a876f2946b6be7a6e16f3058bc5b2ad3d2deeb097aadb2c6c6920f64e17cb6ca22326bc854f18ed8a270f55c0bc74553e1ed75e93d54c3d4a7e66f8ba7863ffc5491b2657fd4841d96a3e008657dc05aba85c43dd4fea5a90b95ac0ba73e7745fd950617dfa7f95c2d63542187d4d4f6969ca142a6e683ea8536566f30ba2da941d7d953ae1ca7205125415a0ae1ae1a0c0a32704f105314fdc42841a16c86470d54745c17f65c37f65a5dd961758525129a2569519d4aad6054b0cfaa7554b0fd29aedc06c346cab89a6e1e8b0daaa507301bac3d1346969dcaa7af4f3ef9bea46cb884f54ca854f2caa189e33dc34d8755006cb8c38bc3d288a6c25d1755f11a8d96e51372112b0389d6030aaf441bc5baac45375274ff00744b657c2f492e9dd6323414f32672b23126105b48c8141c43560d8c708b872adaa98d2e821db27e1683a2795cabe11d4cf794411f73d23385055d4ad4b52d416a5a96a0b505214a90a739f1e87f65a1dd969776fbe0f2dd8a6571f9b2d5dd0208564c4625488f551d50448d904e7f409ceee9ef2e1d826b75184c63eed1b447b2d23801adeca83c86e8958891508c9a116590636561992253a935f672ad867527ea60e54ca81e1062d0b48503ee1cd530535d3e295a96b45e9af45f74d39546b536985c00be59a85101694e0983c0f71b35b771e8a9619b4fed2ac177f85531b49af6dbccb6ea8aa27875ea0f54d738c48e8aad76d320154b126a5470d161d72aacb2f2ea3099aa01d2993174001b0ca0074ac5c9a76550ce9d28e4e4da9a5da9b6586c732af2bec555a4dd2411658bc29a26479536a398e9060af99a85b72a72b41f041401d9009a4b4c8556b39fa65db2af893558db5d710c8f44ed0fdc2751ec8b4fdd9282d28b001b2d2b415a5dff00c0612d7b5d1b15f39853ba763f0c36a72b118c153cb4c05acf827ee74a80838e416a41c16a528baeb5ad425194faac1eeb5171b95736542900dbaa754c908d4b47a263b4d45893a9f282a51a4f74e54a8cb665614e9d529af63c5b2c651345fadbb1587ae1e3d7ee09ccaa8130e528b96b5a91950570ca6d35c309cc4dcaa2637c053b7436ca573d5769a63eaa8d06d104eee3b94f87820a661a8b0c86dd100a3655797153dd34c846322f6b6013ba785c3549ed7bdcd036eab4b893cd6cb5f3e98445c5d17b1cf34bac2ad40b2e88531b8c836ea96ad5cab075f8ad2d705559a46975d8562b0c69191769d8a07be5a7967a7864c20fb26bc2d793189f48e4d8ea9c139a8b7c12a7c072051390ce02d21405a02e185c35c35a1680b405a02819972d4b7ca3eea1429539b1f65a8842a8eaac762b995d6a3917b1a9f58b96e98c954287e629e6da47d56a21edb593e4b53696b312ab374d93545c277454dee64a60ee9840db642ebe23f869f4dd877537774361e295394a94ec84abad0b42d0b4856ce5109d629ae47cc9b94e457e65a96b4ca6face8d9bd4aa6ce1435ade58dd12a04ca155bc4d08c1109cd07a6cabb0b5c1d2b0cfd4c40bb56d6c8b1a5c1c45c205ae16339401b0cb5573898d98135cdbdf64083b14cc3b5af73f725568e19909b4aa3f53ba745543b7728b4a68d460275471006cb034cb775beeaad20db1bb0f4589c31a46d769d8a945c76c9a6e2727e9b466ca510b840393fd131ba93ac60a7d1124829ea54a375a0234c8f10f04a1991f73d5045146de0694140851e2841ab4e44f85a6d91576842ad41d571ddd9719c8bdc7739d2a65ce0d02e9f14fecdb777529d534803d102a8c39f109ee1042617b18e781375883a80720986ea64a633584289d288d0998b0cdcac6627890b135f8869fa2a555af688ce54a952a54957ca168503eede256c9b728781cbae54e89a977587f94ca7a63a7a2ab5031a494cabac480a917b992f105000678a6f2ff0075837ddc3a67733d9329b69886ab67d11602d236954e9e866908a374c004b74c00b1b4ddaee2dd1108f9b93b2a586754ba7d67e1dcd62a58fa6ef3591c4e9769a83fa4aa9481691b82b1384753bf4c85c855e355bb781b72154616b6994ed814c6173b640b1ac6f4bc2afa53a1cc22555b2b662e9adba7506692750470a48b2345e2da7c3169cc7ddfbaee81454a77864a9c8e50a339c823e1072ebe36b5318295325bdaeeff00d2639add462fd169e5beea60aa20ea0655a161c8822162ee6c8349587a01f33fb234b4d48549a747aaa53d42acce429f91eaa9975200a6550e1214a9ce1695a540ff00e0382c33a4785ead12551a45fcce16e813191729d30617dbbb95ea9b343632240dd4adc27b0692152a9c37e54c3c4ea74df3d8ec9b51951ce6876dba1681d1540f2de53755f8fa4067ee98086004c955ea1653242c2d5754a72edd15893aaa4765bac3e149ba0d0db42c59d55dc8b8b61714910561b1859caebb7fc2218f6776955f0fe6732edca02216eba7aa620d9a2df647658710e4e83d1380d3128bae414f17445b3636552a0e10554a14982e9a587724762b85580b43daaa3281065858e4fc054d3a99cc13a9b9bb8458eb15b7dd4464329521047d516f82142840e5a7ee1bf716f153a45ca9d28a45c47275ee555aceab1686f4099bdd39dbb49f6c98dd8ca27a2a4e76a8d3655b99c550a169418c63adbc27be1f3eaa93e4481b6e8d503aaab8a71694e74e41ba9c02d23421ad9cc36ec98e0f121394a6ff00f02729cf0d54829864782a2a7447e254dbf2b7baa7a8dc88ed912990650b052e936b296925a86c8984e03aa788abf554882d9f01700409dd014dae3a624a6be5ee109d3163982d76c9c743098542bd57d7fe52ab61f53a5330626e9a0009e61a554e6a84aaf1aac9ad9b2ea551c4f08362f7e6098ea2e64b6349589c0fe6a7fb22c705e5919b186c50701444aa8ee55847e9dd39e3a27378acd26d7551bf6855a4a2a32c2b60b1c764187e635036858ba674ea5f9561eb442a91518edbdd35b51a4f0e51a876ad4a7d42f94a157f0aa7d13b0d54eab4c145a47dd1ce1695b273a513906e70b4ab780f88270fb836b641154a8baa38008686bdacfc837fe65c4150927f0c6c3bac4375dd8d57573740a63ec9c49758a61909cde684c0d6b768553a95372152a819d13ab129ee24eebae54bcca87fe5556e97fa2d4693e46dd935eda8d908d8a61fbf2f0b88b88b515cc834aa587010119b8d9516079e254f20d82d40bb59ff00b426c8993e21ed9b86a6112b10d0d78f6587f221116ccd369707765f2ff6fc4d4aad50c8f555abe20d59613098f710cb6e1318f0f792eb1d828036c9bd79632041b8c9f52e7b42aaf6c5939009fcbb150744aa35f47ef754aab2a375336edd957c2b2a8b58aa94dd4dc41085d16da553fca1531ae996aad62135c83e42e26866a521c03bba7082427202569baa0d96aa661d1f4559ba98e0a2350542e9d4ba87426d4753911b954eb53739dc46c4a7e1e99bb0aa759f8796c48942a60b1167b60aabf0a63af49e9f84a9489d4c458478254f8654a742026c1420d5a1695cab529fb8220e6138a3f711952c3b9c351d9698a7a19b75722f0a9eca9b1c0e90774fc2b99325410b4590215372a253fcc9b8869867555795beaa77528b974ce8205cdaad9d9173b892e164f6d2a845acaa537e19fa8790a043c48410fb895a82d68d45c42b98ae19429214906056c8295a94aa8fd56e89d5488baa2e350fb26ec9af92441b22e1204e6e12214dc04f78609ca3785896bb4027a2c3143209ee86ce58cc3d4a9a4b3a744dc1d42e0eabca02d82e254ab5d9a7a1ba76cb0afa8fd65df4f0622be9b0dd713aa720c0e8bc23939e603501d932abb0d5aca9bdaf6ea6ec9f87e2074f7b2a94b43e1695430f2831a1bab4dd623cf65b29540878d255621b64365521054d85cffaaa74c3553fc47271a6c153f729c46a2a9d48283f553b2172aa31ab510e213dc50742a35b4942acc755528d176f4d3f02c2e1a0d93f0ba66e8d0a91205941507c10b495c372145c861d686b56b6846a952b49d5a46f935a5de1dced9f5cdbba76733e1b23d82c3e1e6e53c77fa05adcee90d45b0020e858461d7aba2c5e9d41558d2dee9a85273a480ae1537c322db2a93ad30536b9ae76eb15539405d733905856cb9a13dae2edbca6c83dcf6107a2a2e4dfb46e8704f0fc2d623a2d41d70987c1216a5ad1a8b51574720d080f1c285a554fd2374ee1891d7a2042c3d40d94d23484fc431acd4831a487c5d39da44ad42dea8ad1717d90c9ac0d9beeab5d8e1e8b0e61537c93936a6a2fb6c9a4384e5b0546b9aaf70d3ca15fb20d65e14aab88a54bcc536a31ed0e06cb58248ecb58bc2ad3c4251255777e19ec20a71cbd139180eb27b8b950c454a265a7e8a8e2d954b62c4aad876d5171ccaa52730c1098e7344f442a92d8370aaf98a945527163a555b995a8f323e551cb2b0daa532d49ae76e02757782485c4d5bf54fb12a552ab0856872a988d62217aa72eb931c44215b11dd542f75f6b2351e1aa9625ccb1ba63f0757cc2157c2d16e9d27729b81066e8fc397fa73a2484304e3b357c911bc044d21d571a3608d571ea895198241906ea66e7231e3841b64e1050445bc413584a8fd950a2d2353acd1fdd3aa3438328decaabf9a27dca3536845dd16c42154b458a75576e4cf40835c4d936814e6e862a8374d7a24921701efa823b5d57aa1c6065191cbb2c388ba738063642aa5cc73c8d9cb0d25c2eab39b4da0858c7d2a94c46e1537c26396b5ad6a284ad2b4ad0835422d44414d72054fdc38c094d7c9327aaa84530eeae2981ba3f996169b4bb650364594c0dac1376451c88942d0145c2c75474e99841c4d264fb2a5e61298417dbc05c029a9c68fcb09ad0dd864f2ca40b936aeba5ac0559dc589360be1d4e2891b89b28474b655777da12ba2025ae32809c9c757346c9cde5054f2c64d3700eca9b835e6561b1cf887dc774ed15a948bd968a944aa549955ced1cbe8abd02d3cc9f488bc22812bad93ac4a2511b2c1be0908d676dd15e54aaba6f7c8224ad4b522a558aa63c9024a206985540e1aa9469f0da458aaf4dd4df04cac351e2caa966964c908d7a9a8995471674dc9587c4716cb178ae1f2353eb39db95391f076530656f9475f1b42e89c6ea0c4a0653bc34a98235146a4d86ca9536f99fb27d701869b458a154b4433aee72a14c38a7f2ba16ea8d39994400b0ad26570570ec2554104003ea8b61c50b1541f227aac4e9d56194e44a689216f542a5109fa745d625f36546a687fa27b9955ad0374f10f325154ea404d92835062d3e08cded42c504333e1af5afa508808d275474a6d0330a8b0318021e0992442a951b49b2531e1ec0e09ce8d9075e162dccd3754aa3babacad754da1a2de065463cb80e991756e2b5ad1ca3ae5529b6a087201ba606cbfd35babcfcbd935a1ad006555daa9bad0b4073aea649ca5030a1c1b2afd95a3d7c13b41587c4be89b6dd90acdaad3a5d78f294d9003daeb8feca962a8e2068a9672e16811bb0aad86bdb64ea2e65e10f3278512004f1c8a9ad57447da483652075556f1936c42241d905b4a6ee8202eb040dd74b205dc376bb1d4aacfcbaac674fb2c14f1080b13858d5535944a6ac23a1a0f62b105ae7bddddca54e5f5c9ce976d08a3136cfa1baf543c2374374f75b36a7a3be60287112764c6cecaa3dacb6e54e6c7b9bb2738b8a63640e685d1699b2c2b74070453dc0539727d401c5176541fa2f2abd40e7c8cca8954e05d53bbc94d04693d16b6cc92b1b05c34a68eea9d575266c9ced4653d0542a744338f114f10535c83bc65c00253cf3a0c8637d5328b5ac1dd53a6049556a358d0e542a1a8c0e222517068ba63daf6ea69b2acf2c612026ce913baab4d8f1cc8690d1a76555e01699eaaabb9096aa808a54c93cc8fb2a47942a465a3c0da6d64c7545fa1a4bd50c436b02474c80379280036c9f5c32a35bdf2aed2e61013e44a13b95a4c1280b1c89308bf91a3b66ca65e1d1d1444a790e320642a42a7897376dd3b835dbadbcb506edeeb09f10730e8afe54f6823530a73e2a16130aa087230653fc80276c0262016ce2a155f2b4e60c2d6f71beca2542a148184ca3f6b654dd5d821ad9337cb12d2434b770aa7f0ab13e66fb2c14716dd9627f06acfd11422ca97e0a79c8c5a3ebe08473e9947882684fcdbba7f4f051a2c6b3538dcec13c980dd96b8165be61307454e8983ea501a5d08b1d098d77442695192492b0efe3732c655d0d550ea83968e54e040f01cb481467b958564a2e86d93dcf75faab95468b2a46a727e199c320278d2e8472d5d961aac88fba70c9b94ad68bd1ab957e8deea06b32b0e7516b4e658cac06ae9d10b2ad48546c154d8da6d0d09daad088bcca7b75b489469e96000ec9e1ef76923aaa6d1a00858bda3f6437baa45513be7032ad4db519a4aa545b4840caab9ed6cb44ad43ae458d2e048b8cebd1fb4281dd178d05a762a206e9b4c1a44fe6e89ae8e9913394957c9c745203794e20e56e1033794ea9ac09171d561311529da6dd93aa7146a46a0b02869b7f94e703a5544d4cdd7e641561ca3c0c6490a9e11d69dbbac451e195876f2054db727d552f3d4193f4546cfe9551df60075556d025607f1fe8b171c177b228745a9da3aa723f72d8d42764e20b9c46d3e312827e6d09ca2542a7871a017152492d6b7ea9f3d4e436ce85399421b4b6d95325c51bb8a6bf9615330ef44fbb61343285321be64e97d31ac4274aa548da7aaa34dbabd9626930dd117dd0391cab6cd6fa2c2b44427d386a672d5baad48912d544fda009cf2d6ac601bf52a73612de60a9550f6fdd3c269845ca495a0ae12e1655b67bbb400a08790561a7589cd9aaf6eb932bb9d55ccd360a5da8f6c8a7b9cd2d01a8c14e3a1fa4ae2814e548a86138b43dd0a80dd52371931fae556afc28b6e84404e68744f44e9e899af4f39baab55b4c49422a3418cb5b66273ad485411309f857365708a3857427eb698941baad1794e10e215473086e96f4473a74cd430ddd7e6e6ce906b9d057956abd932a320bbd2e1183d21030104e2d81dd094cdd1f394df3055661be89d937754035d640c37658d80c9584fc354363eea48aee41e2626e9e4c1ba75e156f395800457bfe958e2ce11ee8bae6c82a7f867dd1cc5fee8c4a88f0377c9e336b516c6eae764c6b5beae551dfa8c9edd971486c04754f80263f4ad6404d704c4f999098f20133f44c12c08806b6995887a6ac3301dd32900162a34c278ba19b3ce113aea2c2682e83baa81ad65d3c3b539517eb62f973aa4774faade1c7555b9af919546917bac1398e63a2151269548287dc951935a3c2ea92d88fcd32aa7e2154cb2c77319024f44e1222538b9adb09ca531d339b80dd55bd46d9567b810c4d696b81955dbf6ce954ac6130a084231d42e8a9b9ce6c91194045a0ee3338506aeb2ec83814e30171ef7418ddd31e1da83563190e06135c59709c49dc286e899bf6c9949cf98e832a6f34cc845e4f81ed162ddb2682855996d45a39645d7aa1728e15fc26bdb709b6e89fe74cf30588f2a2a32a0f6b60146b7d8d42dddab1475e1da62e42c113a1523bfbab71dd3d96a7aad5cb61a51b41e89e65c4af87fe319ecb1ba838ca3bdd5a6c983ecdc8e923cd07a299199f074c8017ba981972e937bf6f0852bcc116a63095a836ccdfba874c1f32d3a5027a221353b28373d100a322eb26b65319709cc6e9b2ab4f55c21887340128d608bf51cb0a4b7ea8395487158803520a503933cca8901daa63b23a9e25546366152d6c962a5461804fbac480c70ecaa9472c056631e656339e96a089e2367a8585a9a99f74e529aef03cf2958a669c381ec9a03ad2b0c61fa4a9f0bde1a6e9af8a9b652b1354b5d1d1526b8c171eaab802a34c2730900c2aad26a49b2a7cae40c3aea99e54d606b9c7ba73b489542b8abaadb1f06b1ab4a3b2a3af473efe02d053e85e5712394a6ba9d288eab1fe408a2ac5fd93c697109b54b1a4041dcfa88fa2eaaa065b4a048943755a9f0dc11041ca869bcaaa0075971431d34ff64053afe5e5776458e63aea8e36c352a8ca5546b6d89551ae6d4ba67982af22e8100ec81ba2493255266aba25d46948551e4d16388e8b0a4b63732553668d77ddc9c4f147ba34df164e1782994d9534b4dd54f311d8af86f9aa7b2f8801c14548b426de8945a11f04f81ad267d028b64e1061589b78a42d66329efb654f453693bbcff645c98d9f75519ca322822321751931a261c81e1b765c66bac10b3554f3aa54c39a88d2e2842c25e1563053abf2c2719f0b3654cea781ea9a3942a8e2eab09ccd374cad33e888ab88ad1d02c7b03749f036bcd3d2995344ac33f4bd0fb92139a9b62866ce6d1eeb1d3c71da13395f3ea81771939f0c0553a81e339e594f21ed0e0aa1b4a064029da4c4ac4026a0dd5113a56361a04265690012aa175a4d93448b231a531e00298f0f6ca70d6d20aa549b4c5b294726d40e2476f0bded6092b582abb79953d332ee8b13529d4a122e8e64939d52c265be07d42e0d07a67b1ca969d62512c0e961eaa8e229bf96bfff00d954c2ba9733399898e71a7a59fb28a55e900eb3bfc27d1a949d70abd50e0322ba6eb082c990e6442c70fb12b0c2037d938c2a9bca6996cac45369970b3950b3ddfd29f51a665b73d5603ccf3e8b1b4adab51da217429a9bf8651fb9be6cd33cc6078e3213d14420ac07a2ee9ae2d72d41c138414135bb278c9ab4cba3aa2d00e5486b08e1ece809daa9306aeab7726bc00d6aaf42c084f1a5611f12ab468ba6b492eec8ef912bae54e9f2263831ca9e28b8e868943ce27baaef26c059547359b5cac2470f59dd62aa17bf7f00c99baa2e968fba28ee9873c3ba5d4bdd636a097b7aea51f644faade96bfd2a910fa465517e87ee9baa7d142000109e2d0113f6504ac393c300aa8ce60ed453180f74d69157d1626807c14ca0039629ba62dd5619a74a7404d83ba680040caf393992e0676cec3c38a3b041fd9104b1370e5d3cd06556a25964e8e647c350b49b781dc37b9a19e0b69f5c99c3b92a44db6587c5d4a36ddbd935b4ab8d74b7ead579beff00dd17d48d3b84f613745a4140c145d7d93310f62a3f1187730b2c4632955a30d37541c3960fe54eaad6eee4f21c02a75006273b5a0d0d0e337e195685f0e9d553d96243c530d79bc92af74cf29d934fd9144a2a7a20a3c3edf72c63b7e9ea83f479775a56a0d1b5f280e6ddc006a9cdb29d7415066a61eeabc404d6ad8a668a7bc4e95539ae1069dd615c4588dd687b962688d40bbb28ba6c4911ecb709f45ae09ec7d3bec1717552b9baa726494fdd14504ddc2d31482a9672f873f71175a1c2a194fe4d16558711f202a8fd1443538dd1ca1580c9ab0aee9e295399450b2072c03a6a313d9f6af71162b76b84ac3096b87a2a4c2c6994f782f30a83b55351dd45f7453c0150c84711c2b6caa639dd257ced7fd457ce57ee57ce553b9250c6541d4af9a71dd7cf540be75cbe6d0f883fbaff005272ff00513dd7fa99f447e2506080bfd442ff00506aff00506f65fea0cecbe7e9f65f3f4bb2763018d2554ad4ea754d2c9dd71e9c44aa55690372abd4a2e6f993c6ad91615c37765a0f64414428ca91d351a4aab505424e9bce57dd745a89007829b3513ec8f2aa25fcc5a62151c753aa34d7107f52752b7ea1dc234df4c79753154c37106ba467f97aa8b99b785af7b76253ab3ddd50c5db654710d0e54b4ba992d29b49c1f51daac69db2c089e208305b72b1400b03b0434c92ebab13f55ab93c016d137454dbee46c53184f45c3a6cf39fa046a49dbffd26869bb8a2fa618205d4de501288c9a027428b229aa8560c6442aa6494248013872cc206ca4ec102eda57c3e4b6ec36d8945e1a24ac555d4175549a343c91b2a2258d5a6310db5a156a65c3d11e47909eee5011cc111b266e8be18deeaa37aac356e0ba4fec998963ea49559c1f0e176aa6039b22c1625c78844d9699f074ce8ba2a04df01f09509c9872c059ed4de76bbb4a7723de160f6442a9f886cb0a6c85405d01482ab56d16ea9d55acb8324fe64f24924ff0074d77a2d6dfd214b3f485f67fa42fb3fd017d9fe90becbf485f65fa57d95acb452fd2b8747f4ae151ec8d3a5217069f72851a53bae0327ccbe5d9fa97cb37f52f961fad7ca9fd4be59dfad7cb38fe65f2d53f52f96abdd7cbd65f2f593a855685c2ae40b2e1623b15a711d8ad157b15157b2fb4ecb9ff4a977e95ff62b7e853688b20e0279775c9d972f65caa02b284d259b1460de6ea8e21f47c86dea863f0e45c163bd364fab85a970e2c7f78557ed6ff9bbf75a5dd9478db51edd9c42662eb83bf484ed4370b0d8a6d10f9eaaa550e9cb41d3a94a941ce6ed998cba78673630b8d82f960d0388e83d91a876608467c214c9b9410dd165d4c37263655c0badc26101c13dfa8fa2a6355969e64d04bedd550ae382d945faee9ed76928367cc9c1c40d3d960dd12d28bc012b880004ec9c29ead7a6752c4d20cd94a390545b6551a1b17ba3ee9ec0192b0eca6ef3bf4a7ba9b29358dd930cb3d2157635cfb1f754f728db268ba34c8e96551b0821e70a9b94e404ad2a3c1a82d49d29b329a5618101af8b2c29d41feeb16d687bfbcac0bf7cabd3fb4586243882835a24809ce14d85d1729f05bbc93ba71551e9a7d13751e90b495a4a329c1d1beea1d09cca91d50980b5de020f256a72d456b72e23ba2e32e2a6d522d2b8cb8c8555c75c709d5ad64dab612b8d7dd1ae86234b7d50c4af98f55f30b8e8560b8cdec1711848309d59ba8587b2d74bf4ad547f4a71a7ac7f85f61d97d82d38795a30e8d1a0b81440dd3295072f95a7fa97ca37f52f92fe65f247ba6e11c10c2b9d31dd3b0af0be5aaae0d49d93e8bdae223f642948713685a7f9540ecb4b540e8a3b92b40eeb87eab8650d62e16975d692a0a872babe52205bc309ac2e80a9e1753a3f75c6a340453127d3ff0069c65e5c517c8d23647a667c00a1a77d935e16b950b0c40b94ed0e7494e6b04e7242a66539d05511a9800dcee9ff0067a44aa8eb2d57d95278bfb23b1de650aae636e157ae6a0002c3359c3b7d562dfadd6e9e1a76b279d4e12a138ceea10a84c0e883dc1962b531ac7df98a61894e9282702153ad2c82ab6ebaaeaa9140ab2d70b5ad4aeaea0ad05062d21465409d202c1d4e6858a022a4aa2ed261517970bac479da537591afd5523c97555c2a54f46a7de538a6d39b94022c6e98efba0b5044a0d05d2872559301a9b558ed8ce93fd972126c9b46985c36745c30170c23482e135a3515c26baeb811d10a162852ea5a88e51692850b0468234afb2148c234a10a4fe88d3a9aae8d2741202d5e8b43ac42149e11a6e5a1caea0ad26500fe8a1fd9755aee54bc9b952a4a95254f65a8ad6eeeb88feeb8afeeb8f53f52159e13abb9dbc14cc4bc008e241239765f33f69aa137134ff4af98a3d5ab8d86ecb5617784c385224c4a7b70da4c42a6cc3bcc447d57c9d05f234bba382a7fad7c87f3af903fa97c83bf52f92a9dd1c2565f2b5fb2752a863ecd0c35571814ee8d1703058b87e8b47a20d12b57a26d781002e31234cc37b045c3a2b426a73447823c615da99cef129e3982d3257ca96c3bb2abe630a50bac35a156633cdd9713892a801ad3b86d2e21506032ab8dc260d246a0aad5d00b5a8a390175f990b393003375771364ea49fb0bcae88d73a0044f2aa439092b807e5f8855066a705880042faa73a4a1ba9baa525a9b2aeb42d0831691e221190b0c247d15131502aa7532ac7441fa4cac357e6b9b958887353180b000535384b5d74e3a589bcce4064756991dd4a8dd050d00c03bad448bf65a44c8b15316ba94e71063d16e1327aa6cf508c15232e8a2f2898fcb9591080088ecb53349eeaae97df6568bec81638b9a009eeb56d64448474fd6140402736fb80a18de55a23c856978061c4995a66ee175c1623442e0321705ab80d85c13abd17017017cbd9701cb80e946990b84e55472586c9a1c46ca1dd943bb283d96caea54ad456a5c47775c77f4251af50f55f395bf52f9eabdd0f885443e20fec17fa81fd210f8837f427e2d85bb44ac36378649d5ec8e2a8975f75c4c31ea17fd31ead5c2a1fca8e1a87a2f92a6aafc2994d8d33ba381f55f244df52f94a88e16aaf97abfa5705ffa170ddfa1167f295a02d03bad0b47aad083530e1c32e4caa85a4f2a6072e6eaa987488057101694f6ee51610a9c4a6d50c84caa6a35e170b48545bcc563394b4269733ff09ad2e72c5522da4083645e7ae45041337255370954e890d739ca9e9d5dd3f4d4fcb09e21c89b228ec1a9d029c0556d846356180025629d3513904d172baac18069281f78f0b0cfd202691c54ff00c581f982a934ea11ea99e6083b505408d911bab68b2c472f5543ca8202e884512b585c51ac05652004da8d76c7232b6b2d826c45b222e155d5a39489954e62e67d5422434dca16ccd588d4b8875469cb694d735fd172898a7656e93909eaa54e46375a834e40ca952a67399ca2f21475f0d4a748f982d0dd30020399a3fcf55c362e0313b0b352fb4591c3342f9594fc23f4c357ca91d10c1bff00baf9577e94ec33e2cd5f2ce1128d077628b39667e88611ce69735c080d94e639b721687765a1dd969726b6af3691b6e8ea9e6dd7d50d47652f6d8ccae23fbae354eebe6ab7eb2862eaf7431ef0bfd40fe90863dbfa17cf52fd2862b0f7deea8e229c1d6e5c6c3fea40e1ff005ae150bf305c0a249f2aab4e9b2390195f2acfd29cca41d107b21851d414ec3351c2b7baf96fe642939b76d484ea2e8f32f9771eabe55fdd7ca94ea0fec131b5a99909cfaa679552c468ff006957afc5239085aaf0764315878dff00b2ab8861a7a41946655d107b2ba234d2f742d4ca65ddbae354d11365483374fa8249053b7c9adba1ccf27b2a77d3ea5631d70136b422753a51df2164fb05803f67f7a42a7ca0145fa9dabaa996527ac7b63107d50544c8546ee47ca7d97e4589dc2c3dcc0dd755bba7d14fa20dd56470722c51c1623a3094ec1e28c7d8bbf65c0add68bff65a1e37a0e3e842e1d463a749083d0729cc8771073c05300c945ad76e9a00164f711110aa024080a2404764c6c04ee2482003083605f7eaac3aa9ba8f41e095a8263b5356f0a146446c41575391248e5dd3075f006eea7a781ed0e098080a111319eb63896a0e70a81a739c89d33288b2aae79638b25346ba2358549b4dbc5d36e4329b481a6d0e1b231b06ff00ed374ba0c2d2c1728380a25d4ee4eeb436addc67d76470ec69bc276147e5742f97aaf8d6e06cbe48c95f2b503a00e88e11e8e15e8d170dd3a9b6da092b86e5a5d7b2d2e8943515256a2b5bc2150f75c77f75f3353f515c576a99431b57baf9fa9d537e20fea9bf11326421f1067562f9da247910c4e1d1af878b20fa1ff229a7ff002a1fff00d1546bb41e6fd953154b01202877e808b67fdb4435a2ec28709c274945b4570a8f75c0a7fad7cb8fd68e1cfea470ce5f2c6360b82eec9badbf954f2c70d3a97bae1ad36374184348ee987439a7b2aaf7d4797108872d8209c232abb35600d88fbe6f959ec991aa0a1534d02dece5f116de93bd13770859f658784ef29f65f9157a7a1dbee98290d06fea82ee82261601ba8171f0e907a2ab81c354de9858af8654a5cd4eed4e93636549951bb190865d1376c8b41dc27051cf39926d09fcad277568945399a86994db0f44fae438ae395c47297c4f45c47954ea4813be7d614221594ad4512e8b0ba048dd1720e90839546349266e764d7d8205448419a4db6f0335974cfba0e5a1dae46d329cdd4423b594909edd402d82807266a1a81765f948ef9686ea2480acbaa1a4795bb2e8ba29809a49f685abb204fe65a9171d80dd51d66a3e76eca1a569e7d842e1d3998ba22794b7ca6e1704ea0e6728ff000be598aae17949605c2f9983110d0257c8b7ba7e05df950654134f84093d57c991bb57ca9ece5f2ae4687aae1546bb96f0b439687f65a2a282b539495adcb8afeeb8d53f52f99abfa9371755a2352f9d7c46e3d51f88548843e207ab426e259a9cf2c9431540eec5f3186fd2b8d852b898783ce552aac7cfda423d22aa2d7ffc8d5153bb5455ec17daff00c6bde92e4ff8ca8a47a15a28ae1d2fd4b84cfd41705be8be582f956f6430edd5ced909934b568a764310eeb4d71e9c5e4215187677dcca94cbf0fd93587502aad2d5af483eab18f068d24c23526e9d73d150a80bac213fcaef652053ba7bcd43b7ecaa36b6960e9fa7aa119033ee1397c3bf04fbf8e17c4700d20d460f7545c5a7494fd5687404ddbc50a9baa19d4c84de607d5376553cbb4a6ea68034a2512a3953d86a3e7aaa1f09ad52e79426fc1e947338a3f07a1fa8aa9f0670f2393e856a4e8736131f0b51b464edb65ab694e08a631c4ecbe52bff00c657cb561fed95c3a9d6995c323f2ad25428402e8821939db78cb8eb1d93db2ac02ba688ff00da99c8dae85d44a847a11dd0dc95757feeb95ad4217e6be4fa60907af751bf726e56c0c42a7543f2eb71753975416b0b5291a96a8375addac5acad251d0e05a42ac4329f2b7e8a935a5cf7e88ec13da1a791920f44ca2c0db8929d87a2ebaf95a512aa6101164ca2e25ad8f75f2aef45f2457c9bbf4af947df953a839bd11a2e0d9828e12a44f4895a1d30b4ba569728785a6a11b15cdd96a72e239371151a57cc54ee862aa8fccbe72b7ea2863eaaf9f7f60863fbb42f9a6123942f99a1ff001a15e897ed65c4c37772d543fe52816c9fb657ff0098263aab84c8faa1c6236694ed5f9a9a6d6d2534870919cad68bd17ad4b526795aa9730dd5267aac60a73a76ba0d84d9541d0e44f238fa280695d626c47b2a0c1e6ebdf36aaa6217c3bf04fbe55de5949ee1d023f1673776843e2f23f087ee99f14693cd4caa7569d512d3910be2187e155b7b8546a977294322604f843034c84232ea9d0aa3c35b2b0f4df55f2764e697383182e5617034e88937728f054a6ca8d870958cc09a065be442c503d902084f608faa2140985f0da2d873a3af820765c367e90b814bf405f2b43f40470540f4858aa6ea2ed27e8a93a650cdd5183772e27f2dbbae2b53abb6dba3887f40be65fd932a07b4153b4a75c2a7267f4ab2f28301079840ceaf44e240b26b8cc11f5cadaf7c9c8cd93fa26cf54e84cd5a79b74c9eb968787cb5ff00484d606a7174596a234e5cfa909d454c2de13b574c88952a56a45f014afcd25074cfa26c0d96a41c64ad456b5c45c4f55c45ac273da441ea800cf213ed298469b85c93e50b453d5e510b4d03234ecb8144f75c27810349f75f2a0f9aa4a145dab48fdd3b040ffb9fd91c1c75053b0c03b4339cf529f434ee6ea9e1dce13053b0cfec85372e1985a1fd900495a5ca0a878e85732d4e42a11d53310e9b9534eaef6286aa4f5ac145c9d514b8ad2e418570d0a4986c1537e920aa4edbd57c55a35d3ca9b8379931f79854dce2c77685a65a0ac66e3d950637e5c3e6fb208cf4841546072f877e07d72c57f0f53fa5561ca83dc3a26543d42c3572c70704d707341197c5296ba1abab532d502a948bff003c42a67f2ea950a2022e7802c14d94ae5d5bdd3b881e2e34adc20c36ba29ac359eed5d131ada54e02c161f43759f31cdcf637cce010c461cff00badfdf373439a5a762b15438155cdfd9537dd38dc41bf541178d7a22e86ebe1df827dfee7e2db5354b728655cd4710c67d4a0c6b0746a7d526c9949f50d952f845576f643e0e3f5a7fc20fe57055be1d5a9f45abf2bd036082210236ca16a9909add2e65fcb37f54026e19efb8a657c957fd29f86ac376144271843653a50c9a20464ed9693b4ec9d2b644b8ed979b75b1d3915d14284632947628591205ca61dfdd6a4c274ad48bc8ee9b21aa56a32a5052a56a52b52d6838f75a96b54e2a1d1b48544e991ea9fa5e4485c4e89da9b52fd42d4e0f734b610d3004294d6d36eab6eb4d31d2c9a19a84f74f7d27d6797cfa04c0de72290d97047e77124a186a0ed8955f0aea770e90a9bd6ae2300dca61e8836570935814783a054caa0fe4f65f12a8da9a2f70a2539a34eea9eea8ba18ff00643f0d6337fa2c313108590c8ecbe1e3fe9feb9627f02aff004aab36dd55a4625aa931c69ea2eb2658ac0ba69476cb12dd542a0f44410fdd11222535a182c811dd349ea9fe5299cd0e69467a2e1de5398d779828ca4c1587d7c7bf55499c4aac6e7f10c70c2d3b79cec17cd3dee26a3a536ab4ac2629d48c6edec810e008cbe294b551d7d5a81e6164d32365d95a76cb01f81f5cabbcb28bdc37010f8bbfab1a87c5c7fc5fdd7fabd2ff008caff55c3f672ff53c2f73fb2ff51c2c4eb589a9c73aba740a9d269d5a82d93dc6364e30356af6556a1a903a0585c1bab3f945bbaa185a544728bf7f042c6fc3d9506a60bae6a2e829ae91970ef3abe993eab299bf54da94c9ec9948d5786b45d51c253a7bdcf82ad0a55370b1584751beedee89bae9298e99945758553c9b4fa2158012369b84375d956a97d23ea553a8dd8ef97a285c5320083e9e085a170dfabd13996dd6a40a8b284e0d8b850b48508a3b651cb299a7ff00d20e9cfa647737572b89a6ddfaa122c9a61c095f989ce49525d94a952a611876fb8eaa57298ee14c2e2d36f9c4855b0adb54a7fb2c3b21f2aa72554d390f0ed098e82a93c8d962f5f1b4ff00656d3bdd387554aa43a61307239d287e1ac66ea8b9a19a787723ccb4df372c07e07d72c47e054fe9588d90bd2015396b4b65750be1fe57e55bf09fec9fe6cdb486af2808383b628edb4aa40030042d478c6490dd82a8e76a6dcfb774e6eb65c202065bc854a6608d8ac0b7ed1c7d33f89f3d47d5d5d7480a8d12ebf4468d3ec9a5cdb2f87d496161e99556ea639bdc27101c4263e5b6ecb501bdb22be1ff00c30cb17fc2d6fe95c27982365c27f75a1e9c4b405ade46d6475012a8d4a9d974c9d3d138ba349eea8d0351ed68bcaa14194298637c7f14c26a6715a2e374c79618842267be6e60dc344a68a8fa9a4d3b1b2c361d941903ebe273439a41d8ac661cd0a91f97a21ccd213581a13ac02813329ad22611c35399d37eeb445d11646a3a9361de59b42761694b4b1db1cbf34ad939edd6046e879938de2ea93f54db6ca6c7d134da538aa974ccea74ba85085dd0b86d995534a9424a2d95179264e466328ca6db2b666ce1ec87aae9e11d54de232940ce4e364d7735d50a84b74fe61b2703d3755f5ccbb754dc878bb7b6545cab8aae7822e551e1b873a24825a9a98f9b2ff6d637a2c3b9a2da95ad914f985f0ffc0fae58afe1ea7b2aa89d48d398ba1d17c3fc8ecabfe0d4fe92aaf44c3227383ab6b677274b9bf550dd5abaa9426e8a94df32c07e7c8aad773adbb950f28ed08a774580aa1b56e77c89b2ab4c1a8e703b94d1534fa8503f35f3c17f0edcb1dfc354f64c3a441eeb880bb4a9831163d55466aeab8618c70930b4d32d686de1d7eea005aaca65567e86141bb2f84b25cf796ed619e331fa2594b7ea53f1759c6f51dfbaa18bc430c8a9f4585c532bb7b1ea3222442c552e1567b7b1549f3cbd91302e86580a52e350f4db3c4e37448647a947e21527f15ca87c4ea35c35733535ed7b039a77cb1f438b41ddc5c2bc82b516b0985a839bee830de5c99c87ccb5a2f9309c479653a9b5ed83280706dcdf2679616a128304cdd547406de170f88d69320ae1c001bdeea5127e8a8615f59a0ec13be18d8f39588a2fa2fd2e4cd905af9f4c65d10686a0d00caa8f4f24a84d0a32025319374da63aa31b2809cc6a732174cbb650b4ae195c339f450542163196ab2bb60ac3e97560ea85712990e33d56293134a9f083e5f64584007ba66ea846b0b1b4f4625c637ba9e6940f2aa66e17fb6b19bb5680ce665f577dc26845b29c1d1645bca092261607f871962ff87abec9e0ea5aa05d346a8458e10b063ece637cb14630f53d9560868fca22db64e6929b3b269379854eab6a6d2813795599a99e781d55365263869dd126422110e07d13770b01f9f279e53ecaa2646919145d55aeb267c57154ec6feeb11f11c555e5361e8a93af05a5379b6d93519e8819583fe1d9963bf867e56de54ec3b755190026614b4d885737da112b7210659609ba70edf5cb15578541eeebd155aa6602e694dea3d161dc693d8e1d103232f8cd38731e3a8854ea699117562d11d936c32c2334d067ef963ab70a8db736551d5ab98634e90b84e65df64c10042f86d721fc33b1cf14ce1d7a8df54ca6d30632738f43756de1017994e170b4b6655b3844c3bdfc2f7c008ff64c1c8d8ed97c645a9954dcba2036c81504bbd135a5c401d553c351a62cd1eeab60e8d41e582aa532cac58a5baa26f98a7eb64d01ad0131952a79192bfd32b3fcce011f863fa550aa60f10cfcb3ec88e6922e8a0e2e3b42dcaab51acb06aa2fd76841358f7d9ad92aad0aec126914edf2d89112543cb397ea852162b84c99eaaa35b10832e5bd13b53982981669545875f336eb846d7b2c56ea364d28787a372061507c10be20fd5547b27c5a135dcb0b534b9ba44591d01b7fccb196701e8a9324eb2e3280c9bb27bb53b6582fe1db9637f86a89db852d3b3826c054699aee006dd4a6b435a00cb1ef8a61bfa8aa8d618d4e81dd1686b841e9be50a0f457984d15359988c880774e753a676ba0676c9c130dc2c06cfcab7e1bfd911709eee71cb1ebdd0736232109d4da4cc2d0d3d108d4469faad215dba60a8cb0bfc3d3f6cb1349d569e81dd330341bb89f75c1a43fdb6fec9d85c3bb7a6154f8733fdb742ab42a527738ca4226caf010dd39f6581c6522ce197090a57c4f142a45361b0dd61981cf25c8b187f204ca74c9902fa42f558633429fb65f17fc067f52fcf71653a037703d5036984e7816f44cb31a3d32f8c1b53faaa551ec7360da51e6d5205d380601d9611d188a7ef9fc57f8977d153d935b1d540562b55db08fa2e6d4889ca61c171b4b834839199b0c88c9cbf2aa4668d3f6cbe31f84cf740961063744485d942299b2c202710dfdf3c51d58ba90b4924171085cc054e4b9f2362a6cb0d832f8754dbb20d0d100782be129561b5fbac461df41f0540caa383c345b52a4d81951a6da74da00cbe234594eb4b6d2133643fba681d96168f1ea46c3aa187a2d11c30b1d82670cbd82210dd030b885fbe588dd695a7c4da9a29e9ee847e5ca93f658ca9a9cc09e32a3ba8e40b1bbaa3e519b8c30a3b0583fe1d9955a42ab0b0ec9df0ba0e112e5fe8943fe47aa5f0ea34fa929ac6b44019e22af16a1774e89e054905304001566025a75c2d9a24e45b29afa9aa1e066e0e910535b0890375654ee42c0791def9622d42aff0049446e8d3aae1104a149ed324145eeeeb89b596bc89004a0644c2191586fe1e9fb78ea536d46e970b2c4e1dd41f1d0ec548479acbcad10b54eddee9d1b4593cb46c9b509ea6131a0f445a1b88b7e66edd93e74184ee5348b7a853a810b0bf814fdb2f8bfe033fa953aafa5246d370862683b76efd0a640b2ff007361050db2f8bbfed40ecd54d94cd1234f3458a8d93b5cb845a3745d06c550f8c888aac3ee155f8cd21e46389f5551eeaefd4e3f5549db0320e5c4fb50deeb4da14009f51a438b1e354a6cc09df3ab459545ff007429543a43dc081d7ae7213b6549bcbd67aa7d30e1e643cab0dfc3d2fe9cbe2ffc38f74cd0ea41ae6edb2d865744a6c42f87b7ed5ceec327986b8fa21cd51eef5cb5070dd5fbac1e1f88ed6ef28f1e2b0e2b53f5e89cd2d71054898562764db0437086c32f8b7e28f64c7dd3505f0df3bfdb2aff008353fa50b145d2d585fcca557bbfeb9125070433955d9a4054dc5a50e61a90b2abb8b2ddab43b78b2a5e70154c3ba9d269958d3cca8f9428c8a2b09fc3b3ee31b8b249a60103aaa954ec10082d20ee16903a652b86d9984d1a44780ec8890984cdd603f08fbe4f66b696f74cc2d166cc5a476458d3b8557e1d86a9f960fa2c5e06ad0beedee992e1ba61d2d3b1eab754c8e66ea27ba08f4f74561ff029fb66e7b5a25c400bfd530b30d972663e838f6f7cf114456a65a7e89c08790ee9684d673077547651e9129d4a4ccae07aa1877ea11b754de5b286f372d9db9eca2e44ca06f05bb5a56a30b093f2f4e7b65f193f654c7aaa2d0fd41c2c9b42937f2a6ef080b8f7cfe2b7c43bfa42121a1711a224c4ec536a31db10555a2da82d623b2141fa795c0cee5368d61518ed73d0aa7498d66984da6c67953fc853fa5469b34dfd14da531da82fb3bc0128c86f2a32baf8daf3ab4b9b05687174cab817dd60cffd3332f8aff0df5549b02650423a671202f8737ec9ceeeecb18ed387a9eca9ed2a0fa2d3b351b2a2ce1d26b7d32c4e205064f5e8abe31ce74b9c4fa26625e2fcc1607e23adfc3a9bf439fc4e969adabbab13ea87990ba68e66cf7cfe287edfe89ba505ac1b2f86799fed9623f06a7f4a3be5869ba80e89553f11bef9382320a63d12a542c58802c81854ff000e65459547110e0a3aa0f3b7454743eb52811dd6358786d7740b19e658723404dcb5b7544dd39617f019939cd6ee617169feb6feeb5b7f5040e78cc3f15923cc155174dd8204cdf2051608569ed213185b3742a0f0134cd890bd932351581fc23efe3807758dc1b69f3b072f50a152a85f261736ab44298081448587c77046975da87c430b13c44ec7e19a275cac5e2ea621fe9d02a44a69583c4e87063b639fc52969a81e3f36e987c330b5871f5ebf553a8c2dec7a2a8f1a7d561e91aae6b5010232f8cbf9a9b7d1502e02c3adf26ceaf2d933f119fd433f8909c4bbd9358213a892203a0764ca0d66dfba2cb1037e8b0a4b5cfa6edd04e96b1d0a8bcb8bb78c9d8668713ae01dc273d82c9a4112886b01309a6c0f74ef29f64d9d3e1a874b65520745fa9c8361f2d172af0be1e7fe9fd9c72f898ffa572a7e5466d0ac04e4d164439a1611ba70f4c7a65f157461e3b954fca82d5cc442c3335e2690e9be7f11ac5f58fa2a4d039baa37dd7939bb2c355e2e1d8ecbe2cdfb3694374d046e9aa989a8cfea19fc564d774263602a6f0e4217c3377e58afc0a9fd2a2672a31a1b03dfdd04f63b5b5d16d5be6f626e519634432611d0e049b18b20e80a91d4d553406190a9efbc6582835877958c79d5a66cb19e7541cd301ac8faa6a2b975696224d961bf019ed97c47f87faaad51cc4dae7aaa58b2c3caf21613182ad8f9b3f8951d154f675d5375e15bb269045a15e2c84c234b5799c9de5dd08316fae653ac6ccfaa099e637581fc2fae752ab29b65c613be29fa5899f13bdd8a9d56546cb4e4e687020f555e9f06ab987a20e0d706f7c9d316dd4c04e7404ea8efd2b5b8ad4e54dba49b48237405d423b6eb0f535d163bd32f8a8ffa69ec5528927c0e902421adf046d3b22cd33b4cdca75be90839fa9d07754b0ee79b024ac1e178025d7764563ab712bb9dfb2a01cc64ee084d78701010547f1e97f50ceae078b59cf73ac9b81c2b7f24fba385c31ff682a9f0e67e4710abe1ead1f30b7744ead2eebdd537ea4ea81aba2a4fd40f74e6eadd40564fed12a9b83af108b8041c1c2d9d3aba9dbe4732e7b5cd2d4e82d92be15f84ff00eacb1ffc2d454b27869045d046f09a36080868197c61f763553d864e69d5cbf55f0e1ff523d8e45627f11feea9e92002ac3aa041d97c3ff87fae5f1623823dd0f34e4c72a1f8b4fdf3c739a31552474b2d602a4e6f6cbe19b3f2c67f0d57fa56c98cbc909bd1046a3cbd8c2ee50edb3216c54e78cfc228e545fa554e6626c755305619ec15d840d9577eb7172c579d52f28530a57be587fc067b658f3143eaab1d4f5c310b40eca83dcca8dba63b531a72f8b3268b4f628f2b9a9a980fa7881bf80a60e6581fc1fae78ec517bc9e8365c7ba15dc0dc2c3620b1c1c1020b41197c5e9fe1d4fa15d4143cde9996ad010a6d1d110074c9faa47329b22160bf86665f12fe11ff454d0c86e726b5cc7ea0f31d91587c2fcc3ee7946e860f0adda9040346c233f88e2743386ddceeb4eaa802fb56ed703a2151a5da6e3ba6ea0626561ff0089a23f9bc640220858dc170f9e98e5ea3b26ba179ba7d50b20036632e23854822cade6f4458da801705e58809f4c3a2e47b26b1ad6c04e30db266a8e6dd101327ae4f20db5426362f3ba75821e50be186d50658b1387a9eca90bca0887412e5aa130872c337562298f5cfe26ed589f6410cbe1dfc47fdb93b62ab79ddeea9b1a2e11dba2d004c7ecb0b8c7d03ddbd97fa9518f2b963310faeeff00c2d24830826b44fa2c3c71e90fe6cfe21fc5bca790a9976ab09cbe16395f9637f86a9ec8f528171264c5950262ea7982ff007dbefe0aa1354a0abdda4278ba88829ae82a9ba5aaab34917dd3e26cb0fe64eb08958af3aa1a7695be442aad03442c3fe033db2f89ff000ff54ff3268b00a07547cedd2b0bf80dcbe23fc339541754ed6d53931d640e5a84c664c75ccaa7bac17e065892450a847e95545951a237503aaa64075b62b02e9c38cbe24270aef484531aed204f44d33945d4dd54f2ef098e0fb6fef9037ca4116584fe1a9fb65f13fe1bfee0a9ef989ca515f0e8d2ff0003f5e93a37e8b11c4d6f0f9d5d550a7a44f52826b5a0c8014d4e279397bac2ff00174fc15315469eeebf6087c4687670fa2a6f65412d74e4448bac651e0572de9d153d7cb1113086552a9a716eb0ac646f93b57451eaac3d95a176552a383a20a31174d7b492ded97083bccd6efba63030404e1f9a365274080be12e335272c47e054fe94cdd35706ad49d0c2554047d1516902fd6ebe1ad9ae4f66e455776bc438faa0ba22f0ddcc2f85deb13fcb93fcaef6554cb9dee9988fd485c7a273b76ead29a1c5bccb41fd49b65a6326ac37f134bdf3c7df10ff74e0674c2a54aa97c06dff65e536d97c33f0dfef963cc61aa29d5217307588549a6d2a026ff0010329c9fb21ba8c9cabb39caa475b9a0aa834d470f554cc27c9976587f32e81627cea90b2084ea944c5d1abc5d26150fc167b65f13fc01fd48f9d0e8bff4bf33561bf01b963ff8672a9629bb05be6f7b59b94f3ca1ca6c84a7027aa08e4cf32c1fe00cb1b6c35455153f20cb49d616001143eb963ff84ab9348a6e78161ba6c67d548db2ee803aa6c8eca988b6980b0df814ff00a72f89fe00fea4cdca1e68f4cce787c5705d3bb4a1f11c3ff32a75a9d4f2bb3f8a61e5bc61d3754ddd11d5a6c86d9606f5e9fd73c7628521a66e773d955c55e183ea83ea2c3625d4df2d3ee995054635c3ae5f17a7349aff00d255330f414aa9a9cfd3a2d2d339426875e4cdd499d94eb9116459cba42bb58001308273438414d6359d6e7baa8d79db641b617db27143cabe1a7ed4ff004e557f09fec987ed105846c61d8be23cb8a78f554c72b4af860863cfae558e9a4f3e8b7a882240dd58af84b34d4a91b46553f0ddecaa6e531a2a52d1d7a2a4786e34dd6ba81369cfa6f90044ca6ac237feaa999cf162712ff75503a0692a9d2787193f55e530be19f84ef7cbe25fc23d5202e54537414375d153fe232032213c261c8ac40eab0e1daf953cbaa547184c2887c7a14626cb0e087dc2fca1627f11308004a0ba2e88b034880a87e0b3db2f8a7e037fa97e64dd900b4196ac30228b32c77f0cef70ab84d20809b9d4735a248ba14d8fe6510b56f64d33914553dcac2fe0332f885b08ff00a27a6790285f982c27f0edcbe21fc2544ee5002974b396420e976d07b645c839d27b2893948951319d1fc1a7fd397c4ff05bfd49bf99309125c83adaa0e9eea723be4f25bea3fc2e25c754d7b9a410560f13c76c1f30c9ed0e6907aa737875e3b1856d29b116cb023fea07b67f1176ba8ffea854dad0d09da46e40501b72be13575d178bd8e58e1385abec879c2d4044a683ed7ba7ea1b057cfae46eba2754d20baf1eca8d61501b6c9ce6f54e92016a160272a8580b4bb64400be1eff00faa03d327f95dec98dfb629bba60d2c68ec17c4dbff54e4cb3405821a70ccf5be5f10769c33934f320d9504870775425afd24af860e6a9956fc27fb2a9baa7ca0422184ce9139d579689f55d336ecb03fc4b33ad83c41aaf70a66e50c2623ad372752aff00f139706b917a6efd97c39a5b48823ae5f13fe15ca9837941a2c99736462152fc719ca9442d8a0538a2c0fa0e57129ae730c843cc9b4dd5591d216c74f62ae5ac77d11f28589fc454c728cba211b4a79970f4547f099ed97c53f0e9ff0052d3ce804000a8b388f002020465f1077231bdca792daad23c25363a22615b5729194e6cdcac27e0372f888ffa3a88d42e7fa267e508afcc1617f01997c47f8577b8550082a94e81eca3aa3c473b731ecb499587c0d2a6c1a9ba9c9f84c3bbfdb1f4589a3c1a9a3f644b9a0b7cbea98815754bf099ed97c50c5267f521ba96cb757966eb1350693eca8ea14c072e2052a72730764d583a85b5db6b4c67f131a716ff00a14df2cfa26bd8ea840267d142c00fb7fa678832f79fe6586792e734ad33bf7b205a765f0cf2543eb962ff0086adfd2bfdc549e5ce2c7b6210c81b910b6172a5021db2a2641edd0e4e24badd22deebe5eb31e4d3ab6f554a970c1bc93bab3b76a6bf51d95578696824807aac3b5c29dd3c4f296d95300530160a3e6184665ac06a40beadd61e9ebacc1eb97c559ff51eea932f1fb2a6dd0c68ec32f8b3becda107069ba62aa1ed3ad9f50b9a79a17c37fdccb13f8353d93bcd9094e786ee9af0e12172b9841dfa7803b9b4ac07f12df6fb9f89ff000ff54354fa654c44046ea8fe3fd3c108a76e989e5614f2c2c553d154ad714c8ee9ad1132b0c7ece16229e8aa55075a11f2858a3f6aa9996a08e4401a40547f099ed963a93ea86696ca380aff00a0af93c57e972a5f0fac77b7baa18765216c8ac557e25775ec2c179dc9a232ea8cf45d16ca5aeeab48d5a94de33e8986eb02efb01962d85f86aa07e94d63a414da8038362e9a67aaeaa88d34583d32f8b3f4e17fee08b9ae164ce89a9f2059305db3df3f8bd4e1e8747b2a4dd6de633d5690d417106ad30533c8df6cbe29e5a5ee822d083430585d39e570de6355d0e37553e58ebfb4a73de665a5079e50e1b8b5d04cf337dc67f18fe27fed09a4447a264458427ea8b15f0efc63fd393bca7d9386ae8985c7126653932fcdf97a05f0c1f64ffeacb1dfc255f64235df68587e67977a405d547aa351c6a068b5ff00c287177f2ab97387485469546bb53a01eb1d555768fd952a82a335442240b9506491fb21aa2fba05fac822d120aee73aa406994cf2ac2f2d567f56753035f8903caa86199445b7ef962f0bc768fd4161302ea6ed55237b67f167fda86fa2e0d43cfa79553d82792b5ebbcaf86f96a658bfe1dfecaa2a6258272698f5503a597375cc65f0ff00e23fedfb9f8a7e07d50f2a350cec9b0afa561ff1dded94a95a91722535f745ab0802f895213ac29841618b563c7382b0f729de555ef51532de8f07d902baa84e370a87e133dbee3e238ce0b3403cee41e9810c9ad23ae5baa81d60173b3f2020a6547490887176eb574c991b2d435af874e8776cf1785e154240e52aa874821502eea16130eea8e0e70e519fc56bb75b68f0f5da4855293453d6c769bdda5530625349d7e71076194aa6fd54da7b8cbe21435d1989d2af4fcadb42d4e76e10587a1c5aed1d3739fc54cd6a4c036bad2aa556b4c6a1284400e7895c0baa1f0f25b2e30aafc38dcb2a7d110ee23419b3ae3d952732c23ffa556a41e5f33a99e584c7c80551935dbda467f18fe2be8131a37f442613848d815f0bfc5a9222d91d8a76e9b3c87d3aa3ba95f0ff00e1ff00ee397c47f847a9e6dc8b2a7102139e4ea12c91dcac2bdcfa727baa74cb4b8bb73fe321ef93857e25b4e98ea806536012b95c01e889c8a00881bfae6f2d0eb84d9548c39a7d47dd7c42a6ac4bd5173b444d93427101cd0806df4885f0d1f64ef7cb1dfc3bd7e609d5340d935ed78b283afd214bb510465390417c37f18ff4e4ed8a38cafa8fdab9371f5ffe45f3f5ff005a663f104c6bfecb0f549c3eb794caac7ec57c5bf05beeb54054dc0ca6047ca561ff0015fec8bd6b0b5294569715a611a6561b90dd6219c4a6aa34b5e5a826be0aab53890b0ed8a9ba7f9555f3a6086883bf456bc842fb2dd3a647a2c1d66ba981371e22e002c57c569b25b4b99ddfa2a950bde5ce7124a6532552102e321393b548816f0d4262c2530924cd900495c22850beeb0a3453b2151dd935f7bdbd11836213b01867742153c061d9789cead56d26179e88b8eba951c6ee289351da62d3ba6d90600662eae9d62d5f0fab2d2cfdb3c4e05d3aa96dd9702a875c3afe8a9e1ab3f6647baa141b45b037ea722604ac56aaa5cf1bf44c6696009d4d9a8bb48945a34b796537f27d33f8853d18b9fd57507f49f70b5ba402de9ba6547971d62eb0e26ad31eb9fc54ff00d5bbe89ad059f454dad6cb5a8af8691c53eadc8ecaab0b5ee1ea99b67821a70edf5cbe27fc34772983ed13aa9636df45876d0ada9e59cd37ec9b1a44080aa54d116553543bd9520dd2d3370b5b48dc276b20c46dfdd683c28721a7cade89bcb0cb9ca175ce5347d9fd50d90361f70e30d2555bbdc7d5378970014d7d4a6f68714f8e5ba6af87fe07d72f8898c3397e709a7f65a40f28504a2d72d0e9251c8212be1df88efe9c9fe477b27bae53451bcbdf2b85d9e553691d7d96107fd2b014da6c6ecd5f1731499eeaa00297baa10837494ef2954a75bd70cae0a14d685a56908b56941bcea2cbe29474d40f02c72601a954a6561c732ad316554fdadd53d9736d00aa4d3abf0e1754e5acb6e0aff50c50ff0070aff53c47eb43e2988fd5fd97faad7ee3f65feab88fe5fd956c555ade6793e888774098d0eddc83405d23337f069b4a23d111022153a64ee2c9b4cfe50be56b1bc234aa3601098f0d6c27d577454aa87d9c27d3ff004879410642db37bdac6cb8c058ec6f19d03ca3645c5dca092553a7a4442b20855a6f983b27b951aa69bdae6f454ea36a303878f1b898fb36ff00dcb8a2c9d523a20757d55370844aa0fd545872c7e138f4c168e66a7d1afd1c4748ec98dae0f9ca0dea560296f50fd322b15538b897bbd55220b0108e586abc3acc3eb7cfe2584bf19a3dd37db2a145d55f036ea500000074cbe2cff2b676bac2350a55a9d4768e6a6776caa60533117776e89daada7bdd38377236cb84d712f92dff00cfeeb83f976089e1880a9d5e2cd935a29372acf8ebd2c8bdce63740f30dd406364de06e98ed5aad93990df3413e554b88043ca76b98831dc2a4efb1a67f94675ebb28335b952f8ad373c35cd89f0631da70ef28a6d4791e6e8b44b2fa7d53c08db2f87ff000c3dce5f13fe1bea87e22e691b4223a8942ca539f011329af6cc2a4e0d327b26ff0075f0df3bfdb2abf86ff64f3cc86e997e64dd9617f87a7ed97c5fcb4d56934c42a0c734873da6130bcc972a9e42b0be6a994784a0d4f10415d163a97170ceee10693d1692c216b05a1511f68aaaa83ed933a65391ba3a45dc9c4bf6113fd9702e8d1f4468dc2e005c11d1305422e3e898de692d1e99484e3013722e83908eab506b3f52a6e97943754e988976cb88f708a620774f6623f54fd56bc4d13771fadc2d54ebdbc953fca787b79552dd12f699efba0e865fa755f3b8603f102abf15a2d1ca2557c754afe63f444b9db2a0c21a65b7eeb5badc965cdd14594d6d6393dd38070bafcd10b0f887d1748fd950c4d2a82c7e9e0240b958cf8a31bcb48dfba0e7bcc95ca485a1dc4d5aed1b2987053076eab5af8756de99fa675b0b4eadf63dd7fa754fd6d54f014c5de757a74cfe278ae0d081e675950b546ba3aa6b18cd8045bb94650749582afc5a3ea37cdf80a0e3696fb26fc3a90ddce298c6b0434464f7696971e8b1955d52a40dcaa0c01a13a1ae7fb6e9821adf6cb58d7a102353b9939a1e2151d4c258effefb2af4defd258e8734a63743034202eee8535ae00026554631fe60a043726b0eb2465364438ed099d5614ce1e97b67f17a9cf4d9f55ab5552a9bb55261fe519fc51d1423b95d4201036c82c17f0ccfae5f153ff4ff00554eef9ecb74d047e791951f870201aa7e8aafc32896f2c855699a4e20f44e0e9d5081d41357c33cf53db2adf84ff64f6fda2d32e013ab740042a65c5a242c3fe053f6cbe326cc4df2841a64dd3154f2ac27fb9eff0070718cee86283dc02a776a0d990abb0d1c4399d25578d23a2a74dc6eb02cd5891a47eeb11f0f741735c3d93ff1537a208a7beab0c96f2ff747439b3d1361c36509fae6c272842ea1108124c280169bc92a61fb1511b271769daebed22081ba69b282568b12b5e9020492b0cd2ed2aa733b4f41bffe954c75498a6d08d5c497071a8550acdaccd2fdd57a3a1c47ec55170c43039de66d9cbe5c6e0a74890b138daa070c18695c5947526527974154a9068b05a6ca3d721da13ae135bcbb220a97750b8a0754cf895566d53f75feb246ed09df1ba9f95a13f138ac446a71829b400f541abecdae9300ab6eb49332b4a6b5c1c5ed07869ae735c082b0b8a15841f378abd765166a71588acfc5579ffe80834b1ba835ceb6c13710d743753987f9ae16183836b37700a22cb6587c41a35241546bd3acc969f0920092be218e11a5aa90e67875dc5344323b2e47dac7be7a5bab5c73444a0d68d80441d26374e01ba4bae7ff004810e823aa33063745cf71117ffdaa4fa970e0539a5c3b2606321aa2112b753a6a999bec87546b341d26d7581fe19b7db3c7bf5e31de96440de1609d385a5ed9fc59d76357e609a11f2984086b5dba639a4037faac27f0d4fdb2f8a36687d56a6b5c676545d2ddee9aa949aac1fcc33f887f10f468622a3472c01b4a6b0880505f0bdea655ff0009fec9cd979298ca24c99fa2387c3b5b699ee56ca87e053fe9cbe33f9133a273f4a6ec9fe42b09b3fdfee09541ff0068150db7536e50be294f983d0a72fba68b2c0b49c46eaa92da6e204db65e6ad3dca00908655389161299ed08d4d0fd2febb1c86c893aec7e99c590cc5829f4cf58bcd94c3b22ee8aa0672966eb0c0e877f4aa76a753dcaa5cce26506d9305ecb1966b4ac23f4e29c3f53571fba73d63c44ff0052a4ca429309ea169647aa84c988f49439dbba02d94641ce2f36b2dcc02142730765c062f976764ca0c644a631c3f3dba5b3aa48be8954093a8de3d723cc2dbac5e25c4e803481d161c9e18941da762a87c562d547d5331541fe5a814a754637cce0157f89d1679798ac457a988a97dd51a4200de772b473f9be8aad3e253772dfa4aa4c81245e04a722750b2883ff00b54b115293a5ae88547e314cc0a8d83dc266370aeff742388a004f15aaafc4a833692b13f13d7694ca5c433bf72994dac100290653181bd7eb939c5a375a21f7a8efa20081baa9e43027d136908bdc4ea09d54cb8458218863c0037eca9d3124b6d753cb7dd04f1cb6125532e683aa63a4ee9cdd4800059014de1e1cd32d2800d101435db85803f631d8e4e30d251ab2fa8ff54c21d48397c30ce147a139fc4ea4e20fa266e9a84f7cb503b2f87be70cdf4cabd3e2527356219a491a5512ca62f79ecb5596028eba9acecdc8980b12ed759c7d72b0436dd7c323ed3e99623f06a7b274caa4209ba17460eea97e0d3fe9197c67ccc40dd1bd46fbe5a0bc691b954e8ba8ea693d7ee1ca99878541e2130977a0589a4ca949cdfeeb4c0417c380d4f3d563cd46e19e59ba6ead76ba6d47e9bb47b26c91711e0aba6c0c26eca2f9b8c294e74045ed006a2020e691629ffd499b1cdd47f4c05c11e67992ac022e807af6cb087535dec9b7a95e97f37f94fa668be0889d8a1b2a226a0f758fa92e14c2c2f362fe889e628ac643b50f509a7940eca9845cf3c8223a92ab3f84006ba494cd3a6c800330e90b5485c2a1bf7dc15449d4f6911db3921c077509b48b5de7e5ec80bab785f4d86e5a09845b6b270705726cb547795c6a91e62b59ea9ba5c2676170553a3f6720c48543c96ef9c44a8468b35f13aae1b5cd4fa0e0364587ba8a9f9483ec80a9ec5368d67f7faa661de00d5131002a0f71a63979858a73bdec8b4e88100aa4c73419de6545d1bdb2b6555da1924d9339fce7986ce1d42a9b87e9048ebd548b7f84472173aca90abcdaadd97340821364ee15d6e8d954d7d2130af86383a9bffab2c73f4612a9f454da483d1318ee091b2f839fb078fe6c8aac0d5ace8137439774c04ec0aa540c8d7b23f2911c15530b42a34f0d8415816d4a0e2c78b1d8e78af87d2af7d8aff4aaccf2c2a7f0b713f68eb7a2a74d94da1ad16cbe2188e0d03dca0fbc941e356eab18805bf5545fa9becbe19fee6589fc0a9ec88929b1d105654ff099fd397c63cedf64153fc66fba9b221ce6c0dc94d654a767ba4fdc390dd614c809bfcc8fa080abb032a9b59c82f868e479f55f12a85986747554a759bad5623fba68809c0384143229cd919546b5ddd198175b84d1ccacaa06c5d9a952decd808c13a484472c42a7311109c1d6216a1b4dd1b8bd9169d36280819616ae920ac6b1ec70c433a0bfb26e26956a70eba652c3b6ee7aab8da4c1148494fa9b9fcc560dba18e77eadb22555327ea821bfa2145a09b942935a49842a09d21bee98f63ae3a23620dfb64d610eb994e3a4aad4664b5d1dfb2a349cc1ccf9c9cd9098d70de33d62c9ce0d89191d8aa6d86aabaa06904fb154c12c878508b53a8074eeaa61d8ceebe5348d51abd152c3308b8313d51c3500278610e60d76c8106729d97ea54eab9ce0041bf37a26b1c1ce336579daca60a81e8ab35f42af1698b754cadc6731c23cb76faa354fcc3637982aad1d6473111d951f29f7dd17b66095f9be8b4f3ea94ed5d113a773ef91e92514408ba10348812aad9bf543cfcdf42135e1c3d32853ed94764f7e812538be4cb7d8a15617c3b1546997036d465711bbea6c7baf896259534d363a7ba6d0d46262c98da94838bbcbd17c26a7e234fbe55dda693bfb2c261f814ceaf338aaf82a6e7cb45faa6618b45842753a8b8446e404ca946000f09ce09aef156acca4c2e71589acec4d4253e918b14f71801330d5ab06ebaa1bd838dd330c281fc4d52be19b54cb15f8153d91dca11a826ad3ea9be46fb65f183f69f452dd2a89fb50ba2c170f86edb52adf88ef0ca9528e5807b45306535eddd381224958c64b75429932b02dd1424f52b1d485666994299a755edec9be09c9d52a36a69d16ef9f552810a3af54364372b4b6662f9c27d1a7a8f741a34264e9ba71032a4e8542b5b4bb655f03a4f1287ecb4b8ee20f62be5eb1f2c26e162f54ff00da16b25055de18cf5e8bd5009b94dc2d0fab671803a2686c5844274990132c32b382ae582354d935b61ce72738e93a775cd0d9dfaaec88403b541123a1ec9d4c38892575db392496c2bd97d32acf733afd1056c9c03841d90fed08ba135ed783d211311ee8825401d13aa166bd5b74543587b9b62d2241400d53a54224356230cd8351920a96d76e1c9f393190d97207ea3227a1d91983098c7874d489f42a53d85e07308f64cd01b6d804fa61fa4ce52375cae70f44d3adbccd5a7756500641a1b751e9f55c49aa00ef7474910ebae134431acb2ab873d170ea3624f5ecb41100bf7d97da343669117df28e237d085150536c59cdea133e218fe8e94ec4e21e41a86f281d517434b727d575dac3eee5c2681a9ffdd68c3b86e0a3c5a1769d4deca8546d46ea6fec9f5db4bcfb774daac76ce054a73da37700ab7c468b3c9cc557ad56b9e7365cac6954dda84c234813bc7b2643443442d960312da4e7079b15c6a2459ed58fc6d3e19630ccaeab43774d164db6e5537b5f4da5a51b2f8a556d4aced3d13362a868e35f64ca7354362c7b214a9506ce974cc2ade73e195a94a289580772aa2eb4211d6e554122e9edd150b561bf019ecaba7906b54f743c1206ea54ca74cb5174298373ba239a43570da7f2a0a7333164322c6cea8ba6ed9137ee1341eb95271d95178d8a7123b14e7bfbc29413aa369b65caae20d6a9e89825c3b2d3cbd1017c891d539db5f212d6dd48319376463aa6b8fa1f64f7e98b12810e01c8bdc1dcc3966ca328bad43542bebdecac81cea39cdd8263b5343bb84f607a011a2f35275089fae46b1e2e8f5d90000808c190b48a6c8632422d98cdf4e9d410e6cae1686b78600ee8968dca74f2e9eeb7376d93dba816f71baa386651eb254646f1aa322e874775aa080bba696490028c9ae6bb5d36d884c696363acad578bcadc22604a2c05cd277537d91ec728089d81fa65a9567469b6ee09dce2085a05b7b7aa29874f2cae239b71bf64ef886a17a7053aa7188742c39d03fb21b2ace7329fabac13406fb055dc6afb2342e21619d7734a6cd0c540d9cb105afa7a4a18677e472e0e246ef29ef6877339ea9d463859b0ba2a7544c841a04c65a834495ad81b25cb49e8a8d2353d157a6e63a0a0db48c98a1d2e33684cc5d6a6fe4710aae3eb3c417953dfaa652353cb61ea8b704db0a716de550a835814ea5d0a41b4f980d5dd3fceef7cb505a9172d6a54a7144ac0baea99bee987a353bdaeb154b9da537c8df65f10a4dab6e2410151b311c4395274b412aa37edb50718fd39100b4ae994cc29876982a72952a50b75528d564c4dd3c54d6087594a797c5934d4eb0a56ca720e84dc40ebfba662254d329c690ddc154c6d16796e554acfac798d95365c18b7650276427a26bfba94ed5d3aa1ca04e53299317579528ae1b03b545d54a65db3c8404085c11af549f64f7102d09aed432fcc0803dd44a74c1438cd3703dc2045af954a42a45c8f640696f681654ea3b586bbae54def25d22c9a2246acdcd969083743205d3aa3869d848d9715f05e0b8fa0586ae6a8748884e1a81128088f655a997e98223aca6b74881b745b4a755022513b1dd4a95c41af4909edd4375e9e991ec835adf28b2754265adec9a6a91b5d691aa510645d4df752ab6ae1b8b774dc435d1cfc33d8ec9f52a6ec21d79305074807a15be51d72909d7b1fd529e48692374d70709195a4755f5551ad2e0e70b01fba6e973d968545b61962cf3d146ed70c9b1a506cd46b87d5627f199eeb1460b7d955aa5837f64dc53e3cd74d870bdd0112b455a8393a6ea90fb4b1eb7c8bf9a32d0dec16b201bc05a833469131d9624beabc459bdd06c284cb2a91c375f77238769ee8e134b8126c764fa3d953fb432e1b74470d33754e8b698b6ebe60d234dce920235a6fdd1a8b88b539732d25062e1a71cb0ae87aa5b26175ba0463a1551a0e91eaba2c6d3a6e6559036dd1aa5bca9a75bda22c8584786c01404643708c0a951da8ff00e11d2e611dfa84d1023a29cb83558e07886143264082a54aa384ab55ba8110ab60ead26eab152a53ab31bd553aa1eaa1e595c64dafa8b4270774253c3ba95c329949573a5b654cfd983e8a95671be9854e9c8d2c064a6fc3aa691cc10f873fabc2af827b23f37b26e1310efc9fba67c3ddf9dd1ecb13827304b24ca7527b235363c1a86a8c98e2641dd3d8d788298d0c10326374cdf3b754f697089414e4cc331afd7acfb66f63f8ad205bba303aa239a46e421369c9e29bce83ba181c431f34ea00a850e130899277298c0c1910088ee9ad8002202aa2918d5dd3dec006ac86ad29cd630baa4aa4e7104995d1540e8e54040bf65d100d1f5cb75ff84d6b5a60275371ac1c3652789ec13f84f3a1ece88e1683a086c7b5906b44068b2aae2db0dcec1032d06374e3a44c8552be8311bdd4b5cd0e0ac8831674106c5794193d55a77bae50662e829689d426ca901adbeea91e409b0be22dfb36d41f94a15367041a0dc5c23a8363414d0da2c97799341a9889f558a74d4227608d30f3bc27e10b00e69d4bf0eb474c9ae7ea776cc8d935cd2481d1389d80ba0dabcd25b74ca61bd23eb3e080b45373b564f6b8e9ec32011f20f52aa08165899e08d42e9a0a14e50a4b420c0b48cc9ca89e70a9339014c8ea56e2c147da531f545639fa68bca6b4547dca6510d70215e4cada51cba78018391e99020aa786ab57c813b09896ef4ca3640dd196932b0b8d2c643402998c69f3d378fa2d182addbfc2a9f0ea45b01ce087c21e2a0974b3baff004c68fc37fee8e028e8b974a77c1dbd2b1fa847e115c1e5aac29b80af17d3fba7e12b0fc89b84aa7fdb72f92c56afc2553095c0bd1242074e966922ca5602886b054ea503e2c73670af507be4f30ad323263344faa0ab91a6ee2dbf45c437d35263a20e0402a54aa8f1ad8224a6d9a02b871251248b2946e1531c36c38adc6f9577fda399cda8eca98e1d36871d864ea90cd50a9e97e9ab172171871344662bba993c4db65506a0087c7594f74d32e65d51a8f34e5d3bd9181ba2cd6e07a4774ea81a60ff00942bb4c2276443b588364df2f75628ba2ffb20750055d42d2354a151bac888011a34aa4c3ae55163e90e6b927a745650354f5c9cd922e9f1a7694d3cbcc2e9c241099c614cb1d4816f6ffd26f2bb4b496927677fed32a4983b8dd476ee8fd3d6cb490ee9ef9be9b489e2193fb28735c25507c4b7eab88b8b367794aaccab857c8134ca66229f476928e28ffc9fb29718fd4760b48c2d125de77271dfaad5fe5182aad26b86afccde9e89be5191808ce93a774d7ea618dfb2a74b5176b1ba86336642006408ef916b5b5841f3057175a6fe6b9f55a5c17345caea86dbaaa1efaadec9c7658dd98826fdcb0dc2c29d54426a649dd37f88f66ff94fd97c42b073f844265013b5935a1a2c3c05b6b200c5f28ce142d97d150c655a4d81b26fc4ddd581577f12ab9f1be513bac1d66d210297ecbe7a9f56b826e230ee75b7f650b42d05682570d70d692b495a4a82a0ac460f8e3d7a2a7f0c634f34b935b021478b13541a4f6804fd32902ca56df542616ab945e02994ea549df97f65300052a55b54c5d3ea6908f30dbe89af92476539567800121610fd9bbb6a30a7750356a813dd3df4aed77d56ab4b6fd93d81ed2d76c8400005a19af569e6ef9d7a15df5395c349174d86b40ec16a5ff94fa6f2443adda25439ac68a7ec8d2a6e21ce64ba17028176a0d13e8a2e82ee8c6989469b1c0348b0e89f569b372a95479aece605a5a76cdecc5b09d54b5b3d1609ad0f7690e82363d3278aba8698195490d73da24c26579a8d76ab7e669b26d46bf54745545526cdb11de210e5609283e7a744e6870829acab2cdadd7a956451c89804c217ca9d42d3fe10a8b5265681a4896f6470d8179fd29b85c3376a88d6a34274365ddcaab55f50925140785cd911a414d616b005529d23172cef1d5510648d5206d684e6876e1001a206ca64c00b81cd24ca008994620afc8881c39f54699d7267d2556359b1a6993eaa8c9d449baa7a6f3213eb9e3690c4754ac517724a94cfb96af87bb9632647554bcf54fac2abb2c7b5ba9a63990c4b07429ae6bc729cee89207aca261c07a2850b4afca617e5e631fd93dfaa9f20333ba0de512b4a70885a56950b0d86e25409b45acb35a02e185a02850adf7e5c1a093d17cfd0f5557e21ff001d93f1955c082e5a918d53256a5ad6b5a93c8ead5a96b5d517e91b4a06cb540d8940a94c0e04971ba2f2db9165a958d8a1005b640dd30c5a5566562658411d8aa2dd14dad9d82ad52ab4b74b094f7579e6a6ef42d54b5f0dbaf74e7e9125074ada553adc4d5e9d54a9837ea727e91cc7a26bc100f74ca61924927224b4ccd931c661dd764376dc7b209cc63dbccc0553a349976b2323449ab3ab9778f5c8a76ae58ef75bc8ecb10f2c6883129a09d2efe5d91e60e04590d14cc4dcdaf9147bcdb3eb96c8bc588169dd69ebe8b640821109950edd7fcae2308f5ecb5265d480aabe4a654a41ae96cbba76454c26bb528cc19ca9b89244288175c7a0dfce857a2639b74e2d6c5e329bc10420f693128ecb8477ea85476b0da803bd76553516e8d503aafb2a2d4c7070908f99412562ff0019814426b934fdc02b00fe657d69b6586fc39ee4aacb14e9ac1330e2b540dd23dd16869201db27b5da490b44c1be5a41ba0497b87441a1426b3484e6ea68b0428fa9941b0a13a25a21008f450a8daa3571a8ff00c8d4da8c260384e46b526eef08e2280fce135cd235053e0d4b55954f89bbf2c04fc4d5a9e6712a8e3aab5f694cc752d124f4baaff13688e1ff0075fea4ff00d217fa9f762ff55fe45531755e5d2e307a4ad6b5a0656b524ad47f52952d2c23f37752763bf55249b946a530e30c3ffdec986c2517826c0852a54a94dbd95d69d4e973add905b84086a6560e74052a7225e24efe8984e913ba2e037537550b834e91253356913d902c060008d48710b8ccb7329c9afd4e23b6cb574c8b80ea8687ba7ab4a06917ef71d3207c06e15837d9484f7e86ea4c771180c7d33a94da5da8b8fb74451b27ded23d8a0348027a651064eee0a72340ea30f86937089d298645fa6eb84ef352782dfd9098ba810442751fd0f845f59a2e414daeff00d3fdd3ab3cab9dca01694dc3d3a7850e7303baad2d07caa14c6f01588dd38b99d6e7d105d53b0f52bd603510c1dd62a89a6f20bbd90053012f10e2e28898badddb27366a870108cc591acf1d6fec99af54bd1a746a021f3e89b85c270cea11eb2b85568c16f3b0f50baaa550b1c40ea21622f8b627ad9533f701611d0f54dda9adf4530d77b2c388a2cf65577558fdb10b0d51b49afef164e93364274a187c4d660bdbb27d27d330465d2c80cab55d11b7d5349730153746e130c03aba7539d8a8f032a96bac6e13abbceee2b520e137364717419a5a353bb4ec99e41b7d329529ce6b7cce016231d4831cd6dcc2f7ce54cf8b89d347d53839c08194022e4056e8b7dd3a7a2682875ce48ceea54ae6eae9ce09985af9e23dbd9084eafd1a6f3b2953ba6ce9e6cea550cb9d91a9ca08bced96917556971001307ba65270235bf546d938c4cf5e89ac6b674ff65027564f6eb039647f854d81bdfbcaa659507b230796615dacee5349d009116521719ceab4f4911a8dbd14a6d2d2f2f2f9de021ea9e69c69745d001a206c80ed95566b112891b27206776c5d7a22f6b05dfa4aacc239f5820ed086c16a, '2025-06-08 18:07:55');

--
-- Indexes for dumped tables
--

--
-- Indexes for table `detail_transaksi`
--
ALTER TABLE `detail_transaksi`
  ADD PRIMARY KEY (`id_detail_transaksi`),
  ADD KEY `id_transaksi` (`id_transaksi`),
  ADD KEY `id_produk` (`id_produk`);

--
-- Indexes for table `donasi`
--
ALTER TABLE `donasi`
  ADD PRIMARY KEY (`id_donasi`),
  ADD KEY `id_user` (`id_user`);

--
-- Indexes for table `foto_produk`
--
ALTER TABLE `foto_produk`
  ADD PRIMARY KEY (`id_foto`),
  ADD KEY `id_produk` (`id_pakaian`);

--
-- Indexes for table `kategori_pakaian`
--
ALTER TABLE `kategori_pakaian`
  ADD PRIMARY KEY (`id_kategori`);

--
-- Indexes for table `keranjang`
--
ALTER TABLE `keranjang`
  ADD PRIMARY KEY (`id_keranjang`),
  ADD KEY `id_user` (`id_user`);

--
-- Indexes for table `keranjang_detail`
--
ALTER TABLE `keranjang_detail`
  ADD KEY `id_keranjang` (`id_keranjang`),
  ADD KEY `id_produk` (`id_produk`);

--
-- Indexes for table `kondisi_pakaian`
--
ALTER TABLE `kondisi_pakaian`
  ADD PRIMARY KEY (`id_kondisi`);

--
-- Indexes for table `likes`
--
ALTER TABLE `likes`
  ADD PRIMARY KEY (`id_likes`),
  ADD UNIQUE KEY `id_user` (`id_user`,`id_pakaian`);

--
-- Indexes for table `like_pakaian`
--
ALTER TABLE `like_pakaian`
  ADD PRIMARY KEY (`id_like`),
  ADD KEY `id_user` (`id_user`),
  ADD KEY `id_produk` (`id_produk`);

--
-- Indexes for table `pakaian`
--
ALTER TABLE `pakaian`
  ADD PRIMARY KEY (`id_pakaian`),
  ADD KEY `id_user` (`id_user`),
  ADD KEY `id_kategori` (`id_kategori`),
  ADD KEY `id_ukuran` (`id_ukuran`),
  ADD KEY `id_kondisi` (`id_kondisi`);

--
-- Indexes for table `reviews`
--
ALTER TABLE `reviews`
  ADD PRIMARY KEY (`id_reviews`),
  ADD KEY `id_transaksi` (`id_transaksi`),
  ADD KEY `id_penjual` (`id_penjual`),
  ADD KEY `id_pembeli` (`id_pembeli`);

--
-- Indexes for table `transaksi`
--
ALTER TABLE `transaksi`
  ADD PRIMARY KEY (`id_transaksi`),
  ADD KEY `id_keranjang` (`id_keranjang`),
  ADD KEY `id_user` (`id_user`);

--
-- Indexes for table `ukuran_pakaian`
--
ALTER TABLE `ukuran_pakaian`
  ADD PRIMARY KEY (`id_ukuran`);

--
-- Indexes for table `user`
--
ALTER TABLE `user`
  ADD PRIMARY KEY (`id_user`);

--
-- AUTO_INCREMENT for dumped tables
--

--
-- AUTO_INCREMENT for table `detail_transaksi`
--
ALTER TABLE `detail_transaksi`
  MODIFY `id_detail_transaksi` int(5) NOT NULL AUTO_INCREMENT, AUTO_INCREMENT=38;

--
-- AUTO_INCREMENT for table `donasi`
--
ALTER TABLE `donasi`
  MODIFY `id_donasi` int(5) NOT NULL AUTO_INCREMENT, AUTO_INCREMENT=3;

--
-- AUTO_INCREMENT for table `foto_produk`
--
ALTER TABLE `foto_produk`
  MODIFY `id_foto` int(5) NOT NULL AUTO_INCREMENT, AUTO_INCREMENT=50;

--
-- AUTO_INCREMENT for table `kategori_pakaian`
--
ALTER TABLE `kategori_pakaian`
  MODIFY `id_kategori` int(3) NOT NULL AUTO_INCREMENT, AUTO_INCREMENT=8;

--
-- AUTO_INCREMENT for table `keranjang`
--
ALTER TABLE `keranjang`
  MODIFY `id_keranjang` int(5) NOT NULL AUTO_INCREMENT, AUTO_INCREMENT=4;

--
-- AUTO_INCREMENT for table `kondisi_pakaian`
--
ALTER TABLE `kondisi_pakaian`
  MODIFY `id_kondisi` int(3) NOT NULL AUTO_INCREMENT, AUTO_INCREMENT=6;

--
-- AUTO_INCREMENT for table `likes`
--
ALTER TABLE `likes`
  MODIFY `id_likes` int(5) NOT NULL AUTO_INCREMENT, AUTO_INCREMENT=32;

--
-- AUTO_INCREMENT for table `like_pakaian`
--
ALTER TABLE `like_pakaian`
  MODIFY `id_like` int(5) NOT NULL AUTO_INCREMENT;

--
-- AUTO_INCREMENT for table `pakaian`
--
ALTER TABLE `pakaian`
  MODIFY `id_pakaian` int(5) NOT NULL AUTO_INCREMENT, AUTO_INCREMENT=57;

--
-- AUTO_INCREMENT for table `reviews`
--
ALTER TABLE `reviews`
  MODIFY `id_reviews` int(5) NOT NULL AUTO_INCREMENT, AUTO_INCREMENT=4;

--
-- AUTO_INCREMENT for table `transaksi`
--
ALTER TABLE `transaksi`
  MODIFY `id_transaksi` int(5) NOT NULL AUTO_INCREMENT, AUTO_INCREMENT=33;

--
-- AUTO_INCREMENT for table `ukuran_pakaian`
--
ALTER TABLE `ukuran_pakaian`
  MODIFY `id_ukuran` int(5) NOT NULL AUTO_INCREMENT, AUTO_INCREMENT=42;

--
-- AUTO_INCREMENT for table `user`
--
ALTER TABLE `user`
  MODIFY `id_user` int(5) NOT NULL AUTO_INCREMENT, AUTO_INCREMENT=6;

--
-- Constraints for dumped tables
--

--
-- Constraints for table `detail_transaksi`
--
ALTER TABLE `detail_transaksi`
  ADD CONSTRAINT `detail_transaksi_ibfk_1` FOREIGN KEY (`id_transaksi`) REFERENCES `transaksi` (`id_transaksi`) ON DELETE CASCADE ON UPDATE CASCADE,
  ADD CONSTRAINT `detail_transaksi_ibfk_2` FOREIGN KEY (`id_produk`) REFERENCES `pakaian` (`id_pakaian`) ON DELETE CASCADE ON UPDATE CASCADE;

--
-- Constraints for table `foto_produk`
--
ALTER TABLE `foto_produk`
  ADD CONSTRAINT `foto_produk_ibfk_1` FOREIGN KEY (`id_pakaian`) REFERENCES `pakaian` (`id_pakaian`) ON DELETE CASCADE ON UPDATE CASCADE;

--
-- Constraints for table `keranjang`
--
ALTER TABLE `keranjang`
  ADD CONSTRAINT `keranjang_ibfk_1` FOREIGN KEY (`id_user`) REFERENCES `user` (`id_user`) ON DELETE CASCADE ON UPDATE CASCADE;

--
-- Constraints for table `keranjang_detail`
--
ALTER TABLE `keranjang_detail`
  ADD CONSTRAINT `keranjang_detail_ibfk_1` FOREIGN KEY (`id_keranjang`) REFERENCES `keranjang` (`id_keranjang`) ON DELETE CASCADE ON UPDATE CASCADE,
  ADD CONSTRAINT `keranjang_detail_ibfk_2` FOREIGN KEY (`id_produk`) REFERENCES `pakaian` (`id_pakaian`) ON DELETE CASCADE ON UPDATE CASCADE;

--
-- Constraints for table `likes`
--
ALTER TABLE `likes`
  ADD CONSTRAINT `likes_ibfk_1` FOREIGN KEY (`id_pakaian`) REFERENCES `pakaian` (`id_pakaian`) ON DELETE CASCADE ON UPDATE CASCADE,
  ADD CONSTRAINT `likes_ibfk_2` FOREIGN KEY (`id_user`) REFERENCES `user` (`id_user`) ON DELETE CASCADE ON UPDATE CASCADE;

--
-- Constraints for table `like_pakaian`
--
ALTER TABLE `like_pakaian`
  ADD CONSTRAINT `like_pakaian_ibfk_1` FOREIGN KEY (`id_user`) REFERENCES `user` (`id_user`) ON DELETE CASCADE ON UPDATE CASCADE,
  ADD CONSTRAINT `like_pakaian_ibfk_2` FOREIGN KEY (`id_produk`) REFERENCES `pakaian` (`id_pakaian`) ON DELETE CASCADE ON UPDATE CASCADE;

--
-- Constraints for table `pakaian`
--
ALTER TABLE `pakaian`
  ADD CONSTRAINT `pakaian_ibfk_1` FOREIGN KEY (`id_user`) REFERENCES `user` (`id_user`) ON DELETE CASCADE ON UPDATE CASCADE,
  ADD CONSTRAINT `pakaian_ibfk_2` FOREIGN KEY (`id_ukuran`) REFERENCES `ukuran_pakaian` (`id_ukuran`) ON DELETE CASCADE ON UPDATE CASCADE,
  ADD CONSTRAINT `pakaian_ibfk_3` FOREIGN KEY (`id_kondisi`) REFERENCES `kondisi_pakaian` (`id_kondisi`) ON DELETE CASCADE ON UPDATE CASCADE,
  ADD CONSTRAINT `pakaian_ibfk_4` FOREIGN KEY (`id_kategori`) REFERENCES `kategori_pakaian` (`id_kategori`) ON DELETE CASCADE ON UPDATE CASCADE;

--
-- Constraints for table `reviews`
--
ALTER TABLE `reviews`
  ADD CONSTRAINT `reviews_ibfk_1` FOREIGN KEY (`id_penjual`) REFERENCES `user` (`id_user`) ON DELETE CASCADE ON UPDATE CASCADE,
  ADD CONSTRAINT `reviews_ibfk_2` FOREIGN KEY (`id_pembeli`) REFERENCES `user` (`id_user`) ON DELETE CASCADE ON UPDATE CASCADE,
  ADD CONSTRAINT `reviews_ibfk_3` FOREIGN KEY (`id_transaksi`) REFERENCES `transaksi` (`id_transaksi`) ON DELETE CASCADE ON UPDATE CASCADE;

--
-- Constraints for table `transaksi`
--
ALTER TABLE `transaksi`
  ADD CONSTRAINT `transaksi_ibfk_1` FOREIGN KEY (`id_user`) REFERENCES `user` (`id_user`) ON DELETE CASCADE ON UPDATE CASCADE,
  ADD CONSTRAINT `transaksi_ibfk_2` FOREIGN KEY (`id_keranjang`) REFERENCES `keranjang` (`id_keranjang`) ON DELETE CASCADE ON UPDATE CASCADE;
COMMIT;

/*!40101 SET CHARACTER_SET_CLIENT=@OLD_CHARACTER_SET_CLIENT */;
/*!40101 SET CHARACTER_SET_RESULTS=@OLD_CHARACTER_SET_RESULTS */;
/*!40101 SET COLLATION_CONNECTION=@OLD_COLLATION_CONNECTION */;
